School_ID,School Name,Network,2003,2004,2005,2006,2007,2008,2009,2010,2011,2012,2013,2014,2015,2016,2017
400008,ACT CHTR HS,,88.2,90.4,90.8,92.5,91.4,90.2,90.5,99.3,,,,,,,
400009,GLOBAL CITIZENSHIP,Charter,,,,,,,94.6,95.3,95.8,96.2,96.5,96.4,95.9,96.3,96
400010,ACE TECH HS,Charter,,,94.4,91.4,85.2,88,86.5,89.9,92.9,91.4,90.8,89.4,88.1,87.6,85.4
400011,LOCKE A,Charter,93.8,94.3,94,93.7,93.1,93.1,93.2,94.4,93.8,94.4,94.4,94.6,94.6,94.4,94.2
400012,AMANDLA HS,,,,,,,,93.4,92.4,91.8,95.8,93.4,91.2,91,87.4,
400013,ASPIRA - EARLY COLLEGE HS,Charter,,,,,,91.5,89.7,87.8,90.9,93.9,96.1,91.7,87.6,90.8,90
400015,ASPIRA CHTR - RAMIREZ HS,,,90.7,90.1,91.3,91.6,93.4,89.5,89.9,85.4,87.7,85.5,86.5,84.1,,
400017,ASPIRA - HAUGAN,Charter,,,,95,94.4,94.8,95.1,95.5,95.2,96,94.8,95.2,95,94.9,93.8
400018,AUSTIN BUS & ENTRP HS,,,,,,84.8,84.4,82.8,91.5,76.2,73,78.4,85.1,87.5,82.9,
400019,BRONZEVILLE LIGHTHOUSE,,,,,,92,91.6,93.9,95.3,97.3,98.5,98.9,97.4,94.4,96,
400020,CATALYST - HOWLAND,,,,,,92.6,94.3,97.2,96.4,96.1,92.8,92.7,94.1,93.9,,
400021,CATALYST - CIRCLE ROCK,Charter,,,,,,,98.3,94.1,93.8,93.6,95.3,95.3,95.2,96.1,95.3
400022,CHICAGO ARTS HS,Contract,,,,,,,,96.4,96.5,96.1,94.5,94.8,97.2,97,98.9
400023,CICS - AVALON/SOUTH SHORE,Charter,,,,93.6,94.8,94.9,95.3,96,97.5,97,98.7,96.4,94.4,95.6,95.6
400024,CICS - BASIL,Charter,92.6,94.1,94.4,94.8,94,94.3,93,93,93.6,94.3,93.9,94,93.5,93.9,93.2
400025,CICS - BUCKTOWN,Charter,94.3,95.2,94.7,94.6,94,94.4,95,95.3,95.8,95.5,94.9,94.3,93.8,95.1,94.5
400026,CICS - LOOMIS,Charter,,,,,,,93.3,94.6,94.1,94.7,97.8,94.4,95.3,92.5,91.8
400027,CICS - IRVING PARK,Charter,,,,,,93.9,94.2,96,96.3,96.7,96.7,96.2,95.6,94,93.9
400028,CICS - PRAIRIE,Charter,96.2,95.7,94.9,94.5,94.4,94.5,94.3,94.7,94.4,95.6,95.3,95.6,95.1,95.6,94.8
400029,CICS - WASHINGTON PARK,Charter,94.3,94.4,93.7,93.8,93.2,93,93.4,94,93.9,94,96.4,92.4,92.6,93.1,93
400030,CICS - WEST BELDEN,Charter,96.2,95.7,95.8,96,95.7,95.9,96.2,96.1,95.8,96.5,96.7,96.6,96.4,96.4,96
400031,CICS - WRIGHTWOOD,Charter,,,,93.9,94.6,96.8,96.7,95.3,95.3,95.6,96.3,96,95,94.9,94.4
400032,CICS - ELLISON HS,Charter,,,,,94.4,94,95,93.4,94,94.7,94.4,95.8,95.6,91,88.7
400033,CICS - LONGWOOD,Charter,93.4,93.7,94.1,93.9,93.7,92.5,84.1,93.5,93.8,94.9,90,93,92.6,92.2,90.7
400034,CICS - NORTHTOWN HS,Charter,,93.7,93.9,94.6,94.6,94.5,95.1,95.4,95.6,96.3,95.9,95.7,95.4,94.3,93.4
400035,CHICAGO MATH & SCIENCE HS,Charter,,,96.4,95.6,94.5,95.1,94.6,94.9,95.5,95.9,96,96.7,96.8,96.3,95.8
400036,CHICAGO VIRTUAL,Charter,,,,,93.8,92.5,96.4,91.7,92.5,95.3,95.3,95.1,94,95.1,71
400037,CHGO CHILD CHOIR CHR,,93.3,94.2,93.7,92.9,92,92.7,93.7,,,,,,,,
400038,CAREER ACADEMY,Options,,,,,,,84.4,82,73.6,71.3,79.1,85.2,90.2,,
400039,ERIE,Charter,,,,93.8,94.1,94.3,95.1,95.2,95.2,95.6,95.6,95.6,95.5,95.9,94.5
400040,FRAZIER CHARTER,Charter,,,,,,92.9,93.1,93.6,94,95.1,95.6,95.7,95.3,96.1,92.1
400041,GALAPAGOS,,,,,94.4,95,95.1,94.5,96.4,98.1,95.9,96.1,94.5,93.9,94,
400042,FORD HS,,,,,,,,91.1,88.3,85.5,86.2,89.1,92.8,98.6,,
400043,HOPE INSTITUTE,Contract,,,,,,,,89.9,92.3,93.4,93.8,93.5,94.1,94.4,93.9
400044,KIPP - ASCEND,Charter,,96.9,97,96.3,95.1,95.2,93.7,95.5,94.2,95,94.5,94.7,94.8,95.3,94.8
400045,NKRUMAH,Charter,,,,,,,97.6,95.1,95.8,95.9,96.1,95.4,94.6,93.1,90.5
400046,LEARN - BUTLER,Charter,96.9,95.5,96.5,96.7,95.4,96,97.2,95.9,95.5,95.1,95.4,94.9,94.9,96.7,96.1
400047,LEARN - CAMPBELL,Charter,,,,,,,,94.9,94.6,94.9,94.8,95.5,94.7,95.1,94.7
400048,LEARN - EXCEL,Charter,,,,,,,95.7,94.7,96.4,95.6,94.7,94.9,95.3,96.3,96.2
400049,LEGACY,Charter,,,,92.7,94.3,95.4,94.8,96.6,96.4,97.4,95.5,95.8,95.4,96.1,95.4
400050,NAMASTE,Charter,,,94.4,95.3,95.9,95.9,95.7,96.4,96.9,96.7,96.9,96.8,96.7,96.5,95.6
400051,NOBLE - NOBLE HS,Charter,94.1,93.9,95.3,95,94.4,94.7,94.8,95.6,95.3,96.4,95.4,95.3,94.6,94.5,94.2
400052,NOBLE - COMER,Charter,,,,,,,92.4,93.3,92.7,94.6,94.8,94.7,94.1,93.8,93.4
400053,NOBLE - GOLDER HS,Charter,,,,,,94.4,92.7,93.5,94.3,95.1,95.4,94.8,95.2,94.2,93.1
400054,NOBLE - PRITZKER HS,Charter,,,,,94.7,94,94.5,94.8,94.4,96,95.1,95.7,95.7,95.1,94.7
400055,NOBLE - RAUNER HS,Charter,,,,,94,94.5,92.4,94.4,94.5,95.4,94.3,94.3,94.2,94.2,93.2
400056,NOBLE - ROWE CLARK HS,Charter,,,,,,93.5,92.2,90.7,94.3,94.1,93.3,92.5,92.1,91.4,88.6
400057,NOBLE - UIC HS,Charter,,,,,,,93.7,93.9,94.2,95.6,95.7,94.9,95.6,94.9,94.2
400058,NORTH LAWNDALE - CHRISTIANA HS,Charter,92.8,94.1,94.7,94.6,94.1,94,92.2,93.3,93.7,95.8,97.4,92.7,97,95.9,93.2
400059,NORTH LAWNDALE - COLLINS HS,Charter,,,,,,94.5,90.6,93,92.3,96.2,93.7,90.9,91.1,91.6,90.1
400060,AHS - PASSAGES,Charter,93.5,95.2,94.9,95.9,95.2,95.6,93.9,94.7,94.7,94.6,94.1,95.3,95.9,95.1,94.2
400061,PERSPECTIVES - LEADERSHIP HS,Charter,,,,,91,92.3,88.4,90.2,85.4,93.5,98.2,95,94.7,92.7,91.7
400062,PERSPECTIVES - TECH HS,Charter,,,,,,90.1,88.9,91.5,88.8,92.1,99,93.4,94.4,92.1,91.4
400064,PERSPECTIVES - JOSLIN HS,Charter,92.3,92,95,94.1,93.7,91.8,94.2,95,94,96,98.4,96.7,95.6,94.7,92.8
400066,PERSPECTIVES - MATH & SCI HS,Charter,,,,,,,94.5,93.8,92.6,93.4,97.7,93.4,92.8,92.3,89.5
400067,PERSPECTIVES CHTR CALUMET MIDDLE,,,,,,,89.5,93.4,91.9,91.5,94.5,,,,,
400068,PLATO,Contract,,,,,,,92.7,94.5,94.3,93.8,93.3,92.8,93.8,93.7,93.2
400069,POLARIS,Charter,,,,,,93.8,93.3,94.8,94.5,95.6,94.9,94.7,95.4,97.2,98.2
400070,EARLY COLLEGE,Options,,,,,,88.6,88.8,100,63.9,46.5,52,78.8,75.5,,
400071,PROVIDENCE ENGLEWOOD,Charter,,,,,95.7,95.7,96.7,98,97.7,97,98,95.2,95.1,95.3,94.8
400072,SHABAZZ - SHABAZZ,,93.8,93.1,94.7,94.8,94.7,93.5,95,94.8,95.1,94.3,94.9,92.5,94.3,95.1,
400073,SHABAZZ - DUSABLE HS,,,,,88.7,90.1,89.3,87.4,86.4,86,89.2,99.3,91.8,95.3,86.3,
400074,SHABAZZ - SIZEMORE,,,,,92.2,94,94.3,93.5,94.4,94.1,93.9,94.9,92.9,93,92.8,
400075,U OF C - DONOGHUE,Charter,,,,96.2,95.5,96.4,96,95.4,89.5,92.6,95.4,95.1,94.8,96.3,96.7
400076,U OF C - NKO,Charter,96.3,96.1,95.7,96.4,96.1,95.7,96.3,96.5,96.2,96.6,96.8,96,95.9,96.6,95.4
400077,U OF C - WOODLAWN HS,Charter,,,,,88.6,93.6,94.4,94.6,94.8,97.4,96.5,96.2,95.6,93.6,94
400078,U OF C - WOODSON,Charter,,,,,,,99.3,99.6,94.6,92.6,94.4,94.5,95,94.3,95.4
400079,UNO - ZIZUMBO,Charter,,,,,,,96.3,97.3,96.9,97.2,97.2,97.1,96.5,96.8,96.2
400080,UNO - TORRES,Charter,,,,,,,95.8,96.9,97.2,97.3,97,96.6,96.7,96.8,96.1
400081,UNO - DE LAS CASAS,Charter,,,,,94.9,95.4,95.8,97.1,96.4,97.1,97.5,97.7,96.8,97,96.3
400082,UNO - FUENTES,Charter,,,,,94.9,96.2,96.4,97,96.5,96.5,97,96.9,96.6,96.6,96.6
400083,UNO - PAZ,Charter,93.5,94.9,93.7,94.2,93.5,95.7,94.3,95,95.4,97.1,97.3,96.4,96.1,96,94.5
400084,UNO - TAMAYO,Charter,,,,96.8,96.6,96.4,96.4,97,96.9,97,97.3,97,96.5,96.9,96.8
400085,UNO - GARCIA HS,Charter,,,,,,,96.7,96.2,94.3,97.6,97.2,95,93.4,93.4,94.7
400086,URBAN PREP - ENGLEWOOD HS,Charter,,,,,89.2,92.6,91.2,93.7,92.1,94.7,94.3,94.1,94.4,92.1,91.4
400087,YOUNG WOMENS HS,Charter,92.2,91,91.2,88.7,90.1,89.5,89.5,89.6,92,90.3,93.2,94.7,93.7,87,92.1
400089,UNO - MARQUEZ,Charter,,,,,,96.2,96.4,97.2,97,97.1,96.8,96.8,97,96.4,96.1
400090,UNO CHTR-PAZ PRI,,,,,,,,,95.4,,,,,,,
400091,CHICAGO TECH HS,Contract,,,,,,,,99.4,87.6,84.2,86.1,88.3,87.9,88.4,87.5
400092,CICS - BOND,Charter,,,,,,,,93.8,93.7,96.9,92.9,92.3,92.9,92.2,92.3
400093,CHGO TALENT CHTR HS,,,,,,,,,96.8,93.6,91.1,88.8,88.8,,,
400094,EPIC HS,Charter,,,,,,,,96.6,92.1,91.1,89.1,89.1,90.1,91,90.3
400095,GARFIELD PARK CONTR,,,,,,,,,91.9,91.7,91.6,91.8,,,,
400096,ROWE,Charter,,,,,,,,94.7,95.5,96.4,96.1,96.2,96.4,96.2,95.5
400097,NOBLE - BULLS HS,Charter,,,,,,,,91.8,92.5,91.9,93.2,93.4,93.1,94.2,93.4
400098,NOBLE - MUCHIN HS,Charter,,,,,,,,95.6,96.3,96.5,96.9,96.7,96.3,96.9,95.5
400101,UNO - CISNEROS,Charter,,,,,,,,,96.6,96.7,97.4,96.8,97.2,97.5,96.7
400102,URBAN PREP - WEST HS,Charter,,,,,,,,91.9,91.4,90.5,91.5,92,95.8,91.9,93.9
400104,INSTITUTO - HEALTH,Charter,,,,,,,,,95.3,92.4,87.8,92.7,91,89.7,89.6
400105,URBAN PREP - BRONZEVILLE HS,Charter,,,,,,,,,95.7,96,96.3,92.9,90.5,91.2,91.9
400106,NOBLE - JOHNSON HS,Charter,,,,,,,,,91.6,93.5,91.5,93,92,90.6,87.5
400107,LEARN - SOUTH CHICAGO,Charter,,,,,,,,,93.1,93.4,93.6,95,95.9,95.9,96.1
400108,CICS - HAWKINS HS,,,,,,,,,,99.6,99.4,83,86.3,93.1,90.9,
400109,PROLOGUE - JOHNSTON HS,Options,,,,,,,,,94.5,80.4,84.5,51.5,75,,
400111,LEARN - PERKINS,Charter,,,,,,,,,,98,96.5,95.2,94.8,95.5,96.3
400112,UNO - SOCCER ELEM,Charter,,,,,,,,,,97.9,97.7,97.3,97,97,96.5
400113,CICS - CHICAGOQUEST HS,Charter,,,,,,,,,,92.1,95,95.1,94.1,92.5,81.9
400114,UNO - SANTIAGO,Charter,,,,,,,,,,99,96.5,97.1,97.5,97.7,97.7
400115,CATALYST - MARIA,Charter,,,,,,,,,,,96.2,96.7,96.4,96.6,95.9
400116,MONTESSORI ENGLEWOOD,Charter,,,,,,,,,,,91.4,93.3,94.3,95,94.6
400117,NOBLE - HANSBERRY HS,Charter,,,,,,,,,,,92.1,91.4,92,91.4,90.1
400118,NOBLE - DRW HS,Charter,,,,,,,,,,,91.3,90.6,91.3,90.5,88.5
400119,LEGAL PREP HS,Charter,,,,,,,,,,,87.3,85.6,87.6,86.4,88.9
400120,UNO - CLEMENTE,Charter,,,,,,,,,,,97.2,97,96.5,96.1,96
400121,UNO - ROGERS PARK,Charter,,,,,,,,,,,96.7,96.5,96,96,96
400123,YCCS - SCHOLASTIC ACHIEVEMENT,Options,,,,,,,,,,,72.7,74.8,70.5,70.4,55.1
400124,YCCS - MCKINLEY,Options,,,,,,,,,,,74.1,74.4,75.5,70.8,61.9
400125,YCCS - ASPIRA PANTOJA,Options,,,,,,,,,,,76.5,74.2,66.4,58.4,59.4
400126,YCCS - ASSOCIATION HOUSE,Options,,,,,,,,,,,77.1,77.1,53.9,61.1,62.3
400127,YCCS - AUSTIN CAREER,Options,,,,,,,,,,,74.6,75.2,75.7,77.5,70.4
400128,YCCS - CCA ACADEMY,Options,,,,,,,,,,,81.4,73.7,61.4,59.6,59.4
400129,YCCS - HOUSTON,Options,,,,,,,,,,,78.9,68.7,73.1,59.4,49.6
400130,YCCS - YOUTH DEVELOPMENT,Options,,,,,,,,,,,64.6,68.5,63.6,62,60.9
400131,YCCS - CAMPOS,Options,,,,,,,,,,,79.1,82.7,79.3,72,69.2
400132,YCCS HOWARD,,,,,,,,,,,,57.9,,,,
400133,YCCS - INNOVATIONS,Options,,,,,,,,,,,74.7,83.2,72.2,62.4,47.3
400134,YCCS - ADDAMS,Options,,,,,,,,,,,86.6,88.3,84.1,83.6,83
400135,YCCS - LATINO YOUTH,Options,,,,,,,,,,,79.7,78,73.3,67.7,58.5
400136,YCCS - OLIVE HARVEY,Options,,,,,,,,,,,83.6,86,72.4,80.4,69.3
400137,LITTLE BLACK PEARL HS,Options,,,,,,,,,,,77.7,69,81.3,65.9,76.4
400139,YCCS - SULLIVAN,Options,,,,,,,,,,,80.2,87.8,64.7,74.2,74
400141,YCCS - TRUMAN,Options,,,,,,,,,,,81.4,80.1,76.2,70.4,71.1
400142,YCCS - VIRTUAL,Options,,,,,,,,,,,74,71.5,73,100,
400143,YCCS - WEST TOWN,Options,,,,,,,,,,,84.6,82.9,71.3,69.4,65.2
400144,YCCS - WESTSIDE HOLISTIC,Options,,,,,,,,,,,76.2,76.2,77.8,73,65.9
400145,YCCS - YOUTH CONNECTION,Options,,,,,,,,,,,69.4,68.8,64.7,62.5,59.9
400146,KIPP CHICAGO - CREATE,Charter,,,,,,,,,,,95.6,94.9,94.7,94,95
400147,CAMELOT - CHICAGO EXCEL HS,Options,,,,,,,,,,,65.4,78.1,63.9,82.5,74.8
400148,INSTITUTO - LOZANO HS,Options,,,,,,,,,,,82.9,76.2,68.9,72.2,59.9
400149,UNO - SOCCER HS,Charter,,,,,,,,,,,,96.4,96.6,94.6,89.9
400150,YCCS - CHATHAM,Options,,,,,,,,,,,78.4,73.6,79.6,77.8,59.7
400151,LEARN - 7,Charter,,,,,,,,,,,,92.5,94,95.3,96
400153,UNO - BRIGHTON PARK,Charter,,,,,,,,,,,,96.6,95.9,96.3,95.9
400156,NOBLE - BUTLER HS,Charter,,,,,,,,,,,,92.6,93.5,92.9,93.1
400157,NOBLE - BAKER HS,Charter,,,,,,,,,,,,89.3,90.3,89.9,88.8
400159,CHRISTOPHER HOUSE,Charter,,,,,,,,,,,,95.6,95.8,96.1,96.5
400161,CHICAGO COLLEGIATE,Charter,,,,,,,,,,,,95.2,95.2,96.4,93.4
400162,INTRINSIC HS,Charter,,,,,,,,,,,,91.8,94.4,93.9,94
400163,KIPP CHICAGO - BLOOM,Charter,,,,,,,,,,,,94.4,93.9,95.1,94.7
400164,INSTITUTO - LOZANO MASTERY HS,Options,,,,,,,,,,,,77.8,78.4,72.2,62.5
400165,LEARN - MIDDLE,Charter,,,,,,,,,,,,94.8,96.8,97.9,95.6
400167,HORIZON - SOUTHWEST,Charter,,,,,,,,,,,,,98.5,98.3,95
400168,GREAT LAKES,Charter,,,,,,,,,,,,,92.7,94.4,95.4
400169,NOBLE - ITW SPEER HS,Charter,,,,,,,,,,,,,93.5,93.3,92.5
400170,NOBLE - ACADEMY HS,Charter,,,,,,,,,,,,,92.1,92.6,93.7
400171,FOUNDATIONS,Charter,,,,,,,,,,,,,94.4,93.8,94.3
400172,ASPIRA - BUSINESS & FINANCE HS,Charter,,,,,,,,,,,,,,91.9,90.8
400173,PATHWAYS - BRIGHTON PARK HS,Options,,,,,,,,,,,,,87.5,45.5,43.4
400175,CAMELOT - EXCEL SOUTHSHORE HS,Options,,,,,,,,,,,,,76.4,,65.5
400176,CAMELOT - EXCEL SOUTHWEST HS,Options,,,,,,,,,,,,,60.3,68.5,70.6
400177,KIPP CHICAGO - ASCEND PRIMARY,,,,,,,,,,,,,,93.2,,
400178,MOVING EVEREST,Charter,,,,,,,,,,,,,,91.8,91.9
400179,NOBLE - MANSUETO HS,Charter,,,,,,,,,,,,,,,91.7
400180,KIPP ONE,Charter,,,,,,,,,,,,,,,95.9
609674,CHICAGO VOCATIONAL HS,Network 12,85.8,85.1,84.9,84.5,84.2,70.7,62.7,69.8,69.3,80.4,83.8,86.9,86.5,87.3,83.7
609675,CHICAGO AA HS,,,76.8,76,74.7,77.5,67.3,64.3,69.6,69.8,76.5,80.8,,,,
609676,DUNBAR HS,Network 9,83.2,84.7,81.7,83.9,74.6,69.4,69.6,69.8,77.1,80.1,82.1,89.1,80.7,85.4,84.2
609678,JONES HS,ISP,94,94.3,95.3,94.2,86.1,94.4,95.2,94.5,93.9,93.9,93.4,93.9,93.8,93.2,92.3
609679,PROSSER HS,Network 3,91.6,92.8,91.6,90.5,86.6,82.9,81.9,85,86.1,85.3,88.8,88,88.3,88.8,88.6
609680,PAYTON HS,ISP,94.6,92.6,94.1,94.6,94.6,93.5,94.5,95,93.5,93.9,92.2,93.9,92.9,92.9,92.7
609682,RICHARDS HS,Network 8,88.1,88.3,87,86.4,88.8,79.4,82.1,87.1,90.7,85.8,79.1,83.7,84.4,77.9,76.9
609683,SAFE ALTERNATIVE HS,,80.8,79.6,78.2,79.1,75.7,99.8,88.8,54.3,76.6,,,,,,
609686,YOUTH CONNECTION CHTR,,78.1,75.7,77.4,74.7,77.3,77.2,78.8,76.4,75.4,76.2,,,,,
609691,NORTH-GRAND HS,Network 5,,,92,91.2,90.9,85.6,88.7,88.8,88.6,85.7,88.1,88.6,87.9,89.3,88.5
609692,SIMEON HS,Network 11,86.8,86.8,89.5,89.6,88.5,78.3,74.9,78.6,78.6,80.6,83.6,87,90,90.6,89.4
609693,WESTINGHOUSE HS,Network 5,86.6,85.7,83.9,84.7,84.9,,,94,93.6,93.5,92.4,92.7,91.8,92.6,91.9
609694,HANCOCK HS,Network 8,92.6,93.2,90.9,89,84.7,75.9,84.3,77.9,78.3,84,88.4,88.4,90.2,90.6,92.4
609695,AMUNDSEN HS,Network 2,87.3,88.8,88,85.4,78.1,76,79,90,81.2,82.4,88.5,90.1,90.5,91.8,91.3
609696,AUSTIN COMMUNITY HS,,81.8,77.5,71.3,68.7,69.2,,,,,,,,,,
609698,BOGAN HS,Network 10,89.2,89.8,86.8,86.5,85,70.6,72.4,83.7,75.3,80.3,84,87.5,88.3,89.2,87.5
609699,BOWEN HIGH,,82.1,81.4,82.2,83.8,,,,,,,,,,,
609701,CALUMET ACADEMY HIGH,,78.7,77.4,74.7,75.1,84.9,,,,,,,,,,
609702,CRANE HS,,86.1,85.8,85.2,82.8,79.1,65.6,58.9,52.1,58.3,68.8,75.2,87.3,85.2,,
609703,DUSABLE HIGH,,77.9,77.5,77.6,80.2,,,,,,,,,,,
609704,FARRAGUT HS,Network 7,90,90.2,90.3,89.9,88.3,73.1,76.8,83.1,86.3,83.3,83.9,87.7,87.7,87.5,85.8
609705,FENGER HS,Network 13,82.1,80.1,84.9,85.9,86.5,68.9,77.5,69.1,74.8,77.9,80.3,80,83.5,86.5,86.3
609706,FENGER AA HS,,,,82.1,81.8,80.5,94.5,65.2,63.8,73.1,74.7,67.3,,,,
609707,ROBESON HS,Network 11,80.9,76.5,74.9,77.3,78.4,59.9,59.7,57.6,73.7,74.9,76,81.1,80.2,76.8,82.5
609708,FOREMAN HS,Network 3,85.4,80.2,77.6,77.9,75.2,76.5,74.4,80.3,84.4,82.1,85.2,87,88.4,88.9,85
609709,GAGE PARK HS,Network 8,84.5,88.1,87.8,87.9,85.9,65.5,74,73.2,72.5,75.1,76.9,79.1,85,90.5,91.5
609710,HARLAN HS,Network 12,85.3,85.4,85.3,82.6,81.3,70.4,71.3,76.2,81.4,70.5,71.1,77.8,79.7,83.4,82.3
609711,HARPER HS,Network 11,78.9,77.1,72,75.2,74.9,58.4,69.7,72.7,73.3,78.9,78.4,84.1,85.7,85.9,81
609712,HIRSCH HS,Network 12,80.5,82.4,83.5,81.2,76.7,63.5,71.1,77.8,85.1,80.7,65.7,68.4,74.3,76.8,80.2
609713,HYDE PARK HS,Network 9,82.1,84.9,85.5,85.4,82.1,66,73.2,72.9,70.6,67.7,72.2,80.9,83.2,86.4,86.3
609715,KELLY HS,Network 8,90.5,91.2,89.8,88.9,89.2,86.8,86.8,89.4,89.4,88.5,91,92.5,91.5,90.4,89.1
609716,KELVYN PARK HS,Network 4,81.8,79.8,81,83.6,79.1,72.2,76.3,79.9,74.7,76.3,78.1,76,81.6,82.1,84.6
609718,KENNEDY HS,Network 10,88.3,87.8,87.1,85,85.7,82.2,81.2,82.5,83.1,83.1,87.1,88.3,88.7,89.9,87.9
609719,LAKE VIEW HS,Network 2,91.4,90.6,89.5,90.7,85,82.8,85.9,88.8,87.8,88.7,88.3,91.3,89.7,88.6,89.4
609720,LANE TECH HS,Network 4,93.4,93.1,92.2,93.9,94.9,93.7,94.3,96.4,96.3,96.4,94.4,93.6,94.2,94.1,94.4
609721,LINDBLOM COLL PREP H,,91,88.2,87.6,90.1,,,,,,,,,,,
609722,MANLEY HS,Network 5,82.1,85.2,84.7,87.5,85.7,69.5,57.5,61.8,67.5,71.6,79.5,83.6,85.3,80.6,73.9
609723,MARSHALL HS,Network 5,84.5,83.3,82.2,79.5,72.3,47,54.1,53.5,74.3,77.4,75.1,81.3,86.4,89.3,79
609724,MATHER HS,Network 2,86.6,86.1,86.3,84.8,81.8,83.1,84.1,86.1,87.6,88.7,87.5,89.6,90.8,89.7,90.3
609725,MORGAN PARK HS,Network 10,91.1,90,88.4,87.6,87.8,76.4,81.8,85.8,84.4,83,86.4,85.9,85.7,88.4,86.1
609726,BROOKS HS,Network 13,93.2,93.4,93.6,94.3,93.4,89.5,87.3,87.3,87.1,90.1,88.9,89.2,92.1,92.1,91.4
609727,PHILLIPS HS,AUSL,86.7,76.9,72.6,72.7,76,68.9,68.5,54.6,63.2,70.3,77,82.8,75.6,81.1,80.4
609728,ROOSEVELT HS,Network 1,84.1,82.2,80.8,78.5,79.5,79.1,82.6,81.5,82.3,85,85.7,83.7,86.9,85.3,86.9
609729,SCHURZ HS,Network 1,86.7,84.9,84.1,83.3,83,81.8,78.9,81.3,81.3,82,82,85,86.4,85.2,82.3
609730,SENN HS,Network 2,90.3,89.7,89,88.7,83.3,75.6,80.8,78.6,81.9,86.3,91,91.7,92.2,90.4,88.2
609732,STEINMETZ HS,Network 3,82.2,84.4,85.1,83.4,79.7,73.8,75.9,77.2,79.2,82.2,87,88,88.3,85.9,86.6
609733,SULLIVAN HS,Network 2,86.9,86.7,84.7,84.5,80,80.4,80.8,81.4,81.8,80.2,80.2,85.1,89.3,86.9,86.5
609734,TAFT HS,Network 1,87.6,87.8,85.9,85.4,86.5,81.9,84.6,88.1,89.1,89.3,90.5,89.6,91,91,89.3
609735,TILDEN HS,Network 8,83,80.1,76.7,77.9,69.4,62.8,72.3,70,78.5,71.2,75.5,81.4,81,80.8,80.7
609736,DYETT HS,,83.5,80.6,77.8,76.7,79,63,61.5,64.8,62.7,65.8,71.2,72.9,87,,
609737,VON STEUBEN HS,Network 1,90.2,91.6,89.3,88.2,90,84.6,86.7,85.8,87,89.6,92,92.4,93.2,93.3,92.8
609738,LINCOLN PARK HS,ISP,90.6,89.6,89.8,89.5,82.8,83,84.1,86.9,84.7,86.3,87.3,87.8,90.1,90.5,90.2
609739,WASHINGTON HS,Network 13,85,86.6,86.1,86.9,86.2,77.1,73.6,79.5,80.2,80.5,85.2,86.4,86.7,87,87.9
609740,WELLS HS,ISP,84.8,82.3,80.3,77,74,70.2,69.7,67.8,74.5,81.3,80.3,86.3,89,90.8,88.7
609741,HUBBARD HS,Network 10,90.7,91.3,89.5,90.3,87.2,87.2,90.2,92,89.3,89.9,91,91.6,91.9,91.6,89.8
609742,ENGLEWOOD ACADEMY HS,,82.8,80.5,77.1,75,73.9,74.5,,,,,,,,,
609743,PHILLIPS AA HS,,,,68.6,69.1,63.9,65.9,54,54.1,48.4,32.8,37.3,,,,
609744,NORTHSIDE LEARNING HS,Network 1,91,91.5,91.7,91.5,90.1,90.3,90.8,91.1,89.9,91.4,90.4,90.8,92.5,91.8,91.9
609745,SOUTHSIDE HS,Network 11,90.6,91.7,92.9,93.2,91.5,90.9,91.2,87.5,86,87.8,89,89.4,89.7,90.9,90.2
609746,KENWOOD HS,Network 9,85.5,86.5,88.8,89.1,87.9,83,85.5,87.2,88.4,87.8,89,91.7,91.7,93.2,92.9
609748,YORK HS,Network 11,93,93.7,92.1,93.8,94.9,80.5,98,99.8,99.8,99.4,95.9,93.8,86.8,92.2,96.9
609749,NORTHSIDE PREP HS,Network 1,94.4,96,96.6,96.4,96,95.9,96,96,95.7,95.9,94.9,93,94.4,93.5,93.8
609750,SIMPSON HS,Network 6,49.8,51.4,47.4,49,49.7,36.9,44.1,40.4,33.1,42.5,49.1,60.1,61.2,63.4,53.2
609751,KING HS,Network 9,96.1,95.4,93.3,91.8,90.8,87.2,88.6,91.9,93,92.6,89,91.8,92.8,92.8,91.3
609753,CHICAGO AGRICULTURE HS,ISP,92.1,92.4,93,92.3,91.7,90.4,90.7,91.6,92.8,93.8,93,93.8,93.6,93.3,93.8
609754,CHICAGO MILITARY HS,Network 6,93.2,92.5,91.2,91.2,90.5,87.1,90,90.5,90.5,89.7,90,89.7,89.9,92.9,91.8
609755,YOUNG HS,ISP,95.7,96.3,96,95.9,94.9,95.6,95.4,95.8,94.6,95.5,93.7,95.1,94.4,95,94.7
609756,CURIE HS,Network 8,88.9,90.2,90.9,90.7,85.8,85.4,87.5,88.9,85.1,83.1,87.9,89.8,87.7,88.1,87.9
609759,CLEMENTE HS,ISP,86.7,85.2,86.6,85.3,76.6,60.3,62.8,67.9,70.1,78.7,81.2,82,82,82.7,82.7
609760,CARVER MILITARY HS,Network 6,88.8,89.1,87.3,88.4,85.8,85.4,89.8,91,91.7,91.4,92.2,94.1,94.2,94.1,92.9
609761,CORLISS HS,Network 13,90.2,86.5,87.4,88.1,85.1,70.3,72.9,75.2,71.4,73.6,78.1,79.9,80.2,82.2,79
609762,JULIAN HS,Network 13,90.6,91,91.2,91.1,90.3,70.2,64.9,73.4,74.7,75.9,80.7,76.2,79.2,83.1,81.6
609763,COLLINS HIGH,,80.5,81,80.4,81.4,78.5,66,71.9,,,,,,,,
609764,JUAREZ HS,ISP,84.9,85.2,85.9,83.5,84.1,82.7,84.5,83.1,83.8,87.2,89.2,90.2,89.4,89.7,86
609765,LAS CASAS HS,,79.7,79.1,74.9,72,69.3,55.8,50.6,55.5,,,,,,,
609766,VAUGHN HS,Network 1,90.9,92.5,92.5,92.7,90.2,91,90.4,89.7,87.8,89.5,85.9,87.6,88.9,87.7,86.1
609768,HOPE HS,Network 11,90.4,92,91.5,89.6,84.9,66.1,72.8,72.2,72.5,76.6,80,81.1,84,85.9,83.7
609769,GRAHAM HS,Network 6,88.6,88.8,88.6,88.6,88,87.4,89.6,87.1,86.3,86.2,88.7,88.6,88.1,89.2,86.3
609771,ABBOTT,,91.5,92.4,91.9,91.4,93,93.1,92,,,,,,,,
609772,ADDAMS,ISP,96.6,96.8,96.9,97.1,96.5,96.1,96.6,96.8,96,96.4,95.2,95.5,95.6,95.9,95.2
609773,AGASSIZ,ISP,93.8,94.1,93.9,94.7,93.9,95,94.5,94.5,95.2,95.7,94.7,95.7,95.2,95.5,94.8
609774,ALCOTT ES,Network 4,94.3,95.1,95.1,95.4,95.4,95.7,95.9,96.1,96.6,96.4,95.6,95.7,95.5,95.6,95
609775,ALTGELD,,91.9,91.2,91.6,91.7,90.7,91.8,91.4,91.6,91.9,91.9,91,,,,
609776,ANDERSEN,,94.8,94.2,94.5,95.4,94.6,94.1,95.6,95.2,94.7,,,,,,
609777,ARMOUR,Network 6,92,92.8,93.5,93.1,92.9,92.8,93.5,93.1,93.9,93.8,92.6,94.4,94.4,95.3,94.6
609779,ARMSTRONG G,Network 2,96.6,96.5,96.3,96.3,96.3,96.5,96,96.8,96.3,96.6,95.2,95.4,95.2,96,95.7
609780,MARINE LEADERSHIP AT AMES HS,Network 6,93.9,93.7,92.9,93,92.6,92,91.7,92.1,94.4,93.3,91.4,91.8,94,95,94.2
609781,ATTUCKS,,94,93.6,93.6,94.3,93.9,94.5,94.2,94.9,95.2,92.9,90.6,92.1,93.3,,
609782,AUDUBON,Network 4,95.5,95.2,94.6,94.9,94.6,94.7,96.2,96.6,96.2,96.4,94.8,95.6,95.2,95.4,95.6
609783,JEFFERSON HS,Network 11,74.4,78.5,86.9,90,96.6,91.3,98.2,98.3,99.8,99.8,93.3,90.1,97.9,98,97.5
609786,AVALON PARK,Network 12,92.7,91.8,91.6,92.9,90.7,91.7,92.2,92.1,92.2,91.7,89.9,92,92.5,95.4,95.1
609787,AVONDALE,,95.3,95.1,94.7,95.5,94.9,95.3,95.3,94.9,94.7,,,,,,
609788,BARNARD,Network 10,95.4,96,95.4,96,94.8,96,96.2,95.4,95.6,96.1,95,95.6,95.4,95.5,95.5
609789,BARRY,Network 4,96.5,96.4,96.2,96.4,96.4,96,96.2,95.8,95.2,95.3,95.2,95.7,94.8,95.2,94.9
609790,BARTON,Network 11,92.4,91.4,91.2,93,92.2,91,92.4,92.2,91.8,92.8,90.9,92.1,92.8,94.2,93.7
609791,BASS,Network 11,90,90.4,90.1,90.8,89.6,89.8,89.1,91.4,92.1,92.7,91.2,92.4,94.1,94.2,94.3
609792,BATEMAN,Network 1,95.4,95.4,94.9,95.5,95.9,95.6,95.4,96,96.2,96.4,94.6,95.9,95.9,96.1,95.6
609793,NICHOLSON,Network 11,90.4,90.4,91.1,90.6,89.7,92.4,94.3,93.2,93.5,93.7,92.9,93.7,94.5,95.1,94.1
609794,EDISON,Network 1,96.2,96.7,96.4,96.6,96.8,97,96.7,97.1,96.6,97.2,96.3,96.2,95.7,96,96.1
609795,CLARK ES,Network 3,94.7,95.2,94.3,94.8,93.7,94.3,94.7,94.8,94,95.8,95.3,95.5,95.8,95.8,95.7
609796,BEAUBIEN,Network 1,95.6,96,95.9,96.1,95.8,95.6,95.3,95.8,95.7,95.8,94.8,94.9,95.2,95.4,95
609797,BEIDLER,Network 5,91.8,92.4,92.4,92,92.7,94,93.4,95.2,95.5,95.5,93.5,96.3,96.7,95.7,94.8
609798,BELDING,Network 1,94.6,94.4,93.6,94.8,95.2,95.3,95.3,95.5,95,95.5,94.5,95.2,94.5,94.9,94.8
609799,BELL,Network 4,95.6,96,95.8,96.1,95.7,96.1,96.2,96.3,96.4,96.2,95.5,95.4,95.2,95.9,95.5
609800,BENNETT,Network 13,94.7,94.3,94.6,94.9,94.3,94.5,93.4,93.3,92.6,94.2,92.2,93.4,93.7,95.2,95.8
609803,BLAINE,Network 4,94.7,95.2,94.9,95.4,95.7,96,96.5,96.6,96.5,96.6,95.8,96.1,96.1,96.1,96.1
609804,BOONE,Network 2,95.1,95.2,95.1,95.2,94.8,95.1,95.3,95.9,95.6,95.8,95.1,95.2,95.2,95.3,95.8
609805,JOPLIN,Network 11,94.1,93.7,94.6,94,94,92.9,93.2,94.7,95.1,95.5,93.3,93,93.8,95.1,95.6
609806,BRADWELL,AUSL,88.1,89.6,90.3,89.3,86,87.5,89.3,87.5,92.1,93.4,93.9,95,94.7,96.2,92
609807,HAMPTON,Network 10,95.1,95.7,95.6,96.1,95.1,95,94.9,95,95,95.4,94.1,94.5,94.5,94.5,93.6
609808,HALEY,Network 13,91.7,92.5,90.7,91.6,92.5,95.2,95.3,94.1,95,95.3,95,96.2,96,96.1,95.7
609809,BRENTANO,Network 4,94.5,94.4,93.4,93.9,93.8,93.9,93.9,95.4,94.8,94.7,95.5,95.2,95.3,95.4,94.7
609810,BRIDGE,Network 1,94.7,95.3,95,95.3,94.9,95.2,95.6,95.5,95.6,95.7,95.1,95.1,94.9,95.4,95.1
609811,BRIGHT,Network 13,93,94.6,94.9,95.8,94.2,94.9,93.9,94.2,92.3,93.1,91,92.2,92.8,95,95.5
609812,BROWN W,Network 6,92.5,93.2,92.2,92.8,93.1,93,91.4,93,92.8,92.9,92.1,92.8,92.7,94.4,93.3
609813,BROWNELL,Network 12,92.1,91.5,90,90.9,90.8,90.8,92,93.2,92.9,93.7,94.2,95.1,94.1,95.2,95.2
609815,BOUCHET,Network 12,91.5,92,91.3,91.1,90.3,92.3,92.8,92.8,93,94,92.9,94,93.9,94.5,93.4
609817,BUDLONG,Network 2,94.5,95.5,94.9,95.7,94.6,95.3,95.1,95.8,95.5,94.6,94.8,95.4,95.1,95.5,96
609818,BURBANK,Network 3,94.4,94.8,94.2,94.3,94,94.9,95.5,95.2,95.2,95.5,93.9,93.9,95.2,96.2,96
609819,BURKE,Network 9,91.8,90.4,91.4,91.5,90.1,91.6,92,90.9,89.4,89.7,88.1,92,92.2,93.6,93.2
609820,BURLEY,ISP,96.3,96.3,96.3,96.7,96.7,96.7,96.4,96.7,96.5,97.1,95.8,96.4,96.3,96.4,96.1
609821,BURNHAM,ISP,93.4,93.7,93.4,96.3,94.9,95.5,95.7,96,95.6,95.3,94.8,94.6,94.5,94.8,94.2
609826,CASTELLANOS,Network 7,94.5,95.2,95,94.6,95.6,95,95.9,96.8,96.3,96.5,95.7,95.3,95.2,94.6,94.5
609827,BURNSIDE,Network 12,95.2,95.2,95.2,95.2,95,94.6,94.8,94.9,94.9,95.6,93.8,95.8,95.8,96,95.7
609828,BURR,Network 6,95.9,95.6,95.5,95.7,95.2,95.2,95.9,96.5,96,96.3,95.9,96.3,96.1,96.4,96.5
609829,BURROUGHS,Network 8,94.1,95.2,95.4,95.4,95.5,95.4,95.7,95.3,95.6,96.1,94.5,95.7,95.7,95.7,95.4
609830,BRUNSON,Network 3,91.4,90.7,90.6,90.9,91.3,92,90.4,91.6,91.3,92.6,91.5,92.8,93.8,94.3,93.4
609832,BYRNE,Network 10,94.5,94.5,94.4,94.5,94.3,94.1,95.4,94.5,94.7,95.4,94.4,94.8,94.7,95.3,94.2
609833,CALDWELL,Network 12,94.2,94.5,93.7,94,93.8,93.2,93.4,92.9,92.7,93.1,90.7,94,94,94.7,93.2
609834,LITTLE VILLAGE,Network 7,97.3,96.8,96.3,96.7,96.5,96.5,97.1,97,96.7,97,95.8,96.2,95.4,95.9,95.2
609835,CAMERON,Network 5,93.2,92.9,91.7,92.1,91.6,91.3,90.8,92.8,92.7,94.4,94.1,94.9,94.5,95.1,94.7
609836,CANTY,Network 1,95.4,96,95.2,95.3,95.4,95.4,96.2,96.2,96.1,96.7,95.3,95.7,95.1,95.5,95.2
609837,CARNEGIE,ISP,95.1,95.4,95.3,95.3,94.8,95.1,95.2,95,94.6,95.3,94.5,95,94.7,95.4,94.7
609838,CARPENTER,,93.8,94,92.6,93.5,93.2,93.9,94.8,95,94.1,,,,,,
609839,CARROLL,Network 10,95.3,95.2,94.8,94.8,94.2,93.9,94.3,95.4,94.8,95.8,95.5,95.3,95.1,95.1,95
609842,CARSON,ISP,98,98.2,97.7,97.6,97.8,97.9,97.6,97.6,97.6,97.7,96.9,97,96.7,96.5,96.2
609844,CARTER,AUSL,90.3,90.4,91,91.7,91.5,91.3,92,92.1,91.2,91.9,88.3,93.4,94.2,96.5,96.5
609845,CARVER G,Network 13,93.8,94.3,94.6,95.2,92.9,93.9,92.6,92.2,90.9,92.4,90.5,91.3,93.4,94,91.2
609847,CARVER MIDDLE,,93,92.8,93.1,93.3,93,91.8,,,,,,,,,
609848,ALDRIDGE,Network 13,90.8,91.1,92,93,92.7,93.6,92.7,93.7,93,92.2,93.3,91.7,90.4,91.7,93.5
609849,CASSELL,Network 10,95.1,95.2,94.4,94.5,94.2,94.5,94.5,94.6,94.4,94.9,94.2,94.3,93.4,94,93.1
609850,GREELEY,Network 4,95.8,96.1,95.6,96.2,96.3,95.7,96.4,96.7,95.9,96.6,95.6,96,95.5,96,95.6
609851,CHALMERS,AUSL,92.2,92.5,91.5,91.9,91.5,91.5,91.7,92.5,94.5,96.7,95.4,90.9,95.3,96,96.2
609852,CHAPPELL,Network 2,95.9,94.8,95.2,95.6,94.7,95.6,95.5,95.2,95.2,95.3,94.8,95.9,95.4,95.8,94.8
609853,CHASE,Network 4,95.3,95.2,94.4,95.3,95.6,94.9,95,95.4,95.4,95.6,94.8,95.6,95.6,95.8,95.6
609854,CHOPIN,Network 5,94,92.6,94.3,95.2,94.8,97.3,98.2,97.6,97,96.4,94,92.5,92.8,93.9,92.4
609855,CHRISTOPHER,Network 8,84,84.3,85.5,85.7,85,86.1,85.1,86,86.1,84.6,82.6,84.3,86.3,86.4,84.7
609856,CLAY,Network 13,92.9,93.7,93.4,92.8,92.5,95,96.1,94.9,95.2,95.6,95,95.2,94.4,94.5,93.1
609857,CLEVELAND,Network 1,94.2,94.9,94.7,94.2,95.1,95.3,95.4,95.7,95,95.5,94.6,95.2,94.9,95.6,95.1
609859,CLINTON,Network 2,94.2,94.7,94.5,94.8,95.3,95.2,95.1,95.9,95.4,96.3,95.5,95.7,95.3,95.6,95
609861,CLISSOLD,Network 10,95.5,96,95.8,96.1,95.1,95.4,95.2,95.3,95.1,95.8,95,95.3,95.2,95.4,94.5
609862,COLES,Network 12,94.1,94.5,94.1,93.4,92,94.7,95.1,94.8,95.3,96.2,93,93.8,93.5,95.1,95.4
609863,COLUMBUS,Network 5,93.9,95.3,93.8,94.8,95,95.3,95.4,95.8,95.5,95.7,94.6,95.2,95.6,95.6,95.4
609864,COOK,Network 11,91.5,91.6,92,92.2,91,93.3,92.9,94,94,93.6,92.7,92.5,93,93.5,92.4
609865,JORDAN,Network 2,95.2,95.4,95.3,95.8,95.6,96.2,95.7,95.7,95.6,96,94.7,95.4,95.3,95.6,95.4
609866,COONLEY,Network 2,92.8,93.1,93.9,94.4,94.6,94.3,95.7,95.8,96,95.7,95.6,95.6,95.7,95.4,95.3
609867,COOPER,Network 7,97.3,96.8,96.1,96.2,95.3,96.1,96.3,96.6,96.2,96.2,95.5,96.5,96.3,95.9,95.7
609869,LANGFORD,Network 11,91.1,89.2,89.9,92,90.9,90.4,92.3,92.1,91.9,94.2,91.1,92.1,94.3,95.1,93.1
609870,CORKERY,Network 7,95.3,95.8,95.7,96.1,95.6,94.9,95.7,94.9,94.7,95.2,94.4,94.4,94.4,95,94
609871,VICK,Network 10,,,,,,97.5,,80.1,88.9,86.9,87.9,,,,
609872,PEREZ,Network 7,96,96.1,95.9,95.9,95.3,95.4,94.9,96.3,95.9,95.9,95.7,96.1,96,96.3,95.5
609873,CROWN,Network 5,90.5,91.4,91,92.8,90.5,91.5,91.9,94.3,92.5,93.1,92,91.3,92.2,93,93.1
609874,DIRKSEN,Network 1,95.9,96,95.5,95.7,95.9,95.7,95.8,95.7,95.9,96.1,95.4,95.9,95.9,95.8,95.4
609875,DARWIN,Network 4,94.3,94.3,94,94.2,93.7,93.9,94.4,94.7,95.6,95.8,94.4,95.3,95.5,96.1,96.2
609876,DAVIS N,Network 8,94.9,95.1,94.9,95.3,95.2,94.9,95.4,95.5,95.1,95.1,94.7,95.1,94.2,95.1,94.3
609879,DAWES,Network 10,95.9,96,95.8,95.5,94.8,95.7,95.7,96,95.8,96.4,95.7,95.7,95.3,95.9,95.4
609880,DECATUR,Network 2,96.6,97.3,96.9,96.9,97,97.1,97.1,97.2,96.2,96.6,95.7,95.7,95.8,96.4,95.9
609881,DELANO,,90.3,90.2,89.8,90,91,92.1,90.9,94.1,93.4,95.3,93.2,,,,
609883,DENEEN,AUSL,91.9,92.7,91.6,91.6,92.8,89.7,91.5,93,93.9,94.7,95.4,95.3,96.1,95,93.5
609884,DEVER,Network 1,95.4,95.7,96.1,96,96.1,95.6,95.9,95.8,95.5,95.8,95,94.7,94.8,94.8,94.3
609885,DEWEY,AUSL,91.9,92.1,92.4,91.8,92.2,92.1,92.8,91.9,90.8,90.1,90,94.2,96.4,96.2,95.9
609887,DIXON,Network 12,95.2,95.4,94.6,95.1,94.7,94.9,94.2,95.3,94.8,95.6,94.6,94.8,95.1,96,95.7
609888,DODGE,,,93,92.8,94.7,94.2,94.2,93.6,94.6,94.4,95.2,93,93.9,94.8,94.7,
609891,DOOLITTLE,Network 9,91,90.3,90.3,91.8,90,91.4,89.9,91.2,91.4,92.1,89.2,93,92.1,92.8,92.1
609893,DORE,Network 10,94.9,95.9,95,94.6,95.1,95.7,95.4,95.3,95.7,96.2,95.4,95.7,95.1,95.4,94.3
609894,DRAKE,Network 9,93.2,95.8,94.4,95.2,94.1,93.9,94.3,94.4,93.9,93.3,93,92.6,91.5,92.8,92.3
609895,TURNER-DREW,Network 11,95.5,95.3,95.5,95.9,95,95.8,95.6,96.1,95.8,96.5,95.7,96.4,96.3,96.6,96.5
609896,DRUMMOND,Network 6,94.1,93.9,94.5,95.6,95.5,95.7,94.9,95.8,95.2,95.7,94.6,95.2,95.2,95,95
609897,EARLE,Network 11,89.5,90.5,90.9,91.1,91.3,90.8,90.9,93.1,93.9,90,90.7,91.4,94,95,93.2
609898,EBERHART,Network 10,96,95.9,95.8,95.9,95.7,95.9,95.8,95.6,95.3,95.4,94.8,94.8,95.3,95.5,95
609899,EBINGER,ISP,95.6,95.7,95.2,95.9,95.5,95.7,95.9,95.6,95.9,96.1,94.8,95.4,94.7,95.5,95.4
609900,CURTIS,AUSL,90.1,90.3,90.2,92,91.3,89.3,91,89.5,93.9,93.5,92.5,92.9,93.4,94.6,94.3
609901,EDGEBROOK,ISP,97.3,97.5,97,97.3,96.8,96.4,96.8,96.8,96.9,96.7,96.2,96.7,96.5,96.3,95.9
609902,METCALFE,Network 13,95.3,95.3,95.2,95.6,95.6,96.2,94.9,96.4,94.9,96.1,96.7,95.2,93.1,96,95.1
609903,EDWARDS,ISP,95.4,96,95.8,96.1,95.6,95.2,95.3,95.4,95.3,95.6,95.5,95.4,95.4,95.4,95.1
609904,ELLINGTON,Network 3,91,90.9,92.6,92.8,91.6,91.6,92.6,91.9,93.3,95.1,96.2,96.6,96.4,97.2,96.4
609906,EMMET,,90.2,90.1,90.1,91.4,91.8,93,92.5,90.7,89.8,91.5,90.2,,,,
609907,ERICSON,Network 5,95.1,95.3,95.3,95.6,94.9,94.7,94.7,95,94.8,95.7,94.7,95.3,95.2,96.1,94.6
609908,ESMOND,Network 10,92.7,92.9,92.1,92.8,91.4,92.3,93.2,93.2,92.9,94.2,91.7,92.6,92.5,93.5,93.6
609909,EVERETT,Network 8,95.6,96.1,95.9,96.2,96.2,96.1,96,96.2,95.3,95.9,94,95.4,95.2,95.3,96
609910,FALCONER,Network 3,96.1,96.7,95.7,96.1,95.7,95.4,95.9,96.1,96.1,96.1,95.9,96.1,95.6,95.6,95.2
609912,FARNSWORTH,Network 1,93.7,93.7,93.9,93.9,93.4,93.8,94.2,94,94.1,94.5,92.9,93.1,93.6,94,93.8
609913,GOODLOW,,92.7,92.6,90.6,92.6,92.6,92.7,92,92.2,91.7,92.6,90.8,,,,
609914,FARREN,,91.6,89.7,90.7,90.9,,,,,,,,,,,
609915,FOUNDATIONS,,93,92.5,92.1,90.8,90.7,92.7,93.9,,,,,,,,
609916,FERMI,,91.4,91.6,91.5,90.9,89.7,89.2,91.3,90.3,90,88.1,87.6,,,,
609917,FERNWOOD,Network 13,92.9,92.8,91.5,93.4,93.3,93.7,93.1,92.8,93.4,96.2,94.1,95.5,96.3,95.8,95.3
609918,FIELD,Network 2,94.4,95.3,94.5,95.8,95,95.2,96.2,96.8,96.8,96.9,94.9,94.8,95.5,95.8,95.1
609919,FISKE,Network 9,91.8,92.5,91.9,92.6,92.4,92.2,93.1,93.8,93,93.9,93.7,92.3,92.2,92.9,92.5
609920,KANOON,Network 7,95.5,95.3,95.5,95.7,95.1,95.3,95.9,96.4,95.9,96.2,95.1,95.2,95.5,95.3,94.2
609921,TELPOCHCALLI,Network 7,95.4,95.5,95.6,95.5,95.3,95.6,95.7,96.1,95.4,96,95.3,95.1,94.6,94,93.1
609922,BELMONT-CRAGIN,Network 3,95.5,94.9,95.5,95.8,96,96,95.9,94.9,95.3,96.1,95,95.1,95.5,95.5,95.4
609924,FORT DEARBORN,Network 11,93.4,93.6,92.7,92.9,91.9,94.4,93.6,93.9,93.5,92.5,91.2,93.1,94.2,95.3,94.2
609925,KELLMAN,Network 5,95.1,95.6,95.2,94.8,94.8,94.9,94.8,95.8,95.3,96.7,95.3,95.1,94.6,95.3,94.6
609926,FRANKLIN,Network 4,96.1,96.3,95.6,96.2,95.7,95.9,96.2,96.1,95.9,96.2,95.5,96.2,94.9,95.4,95.5
609927,FOSTER PARK,Network 11,94.2,94.4,95,94.9,93.5,93.4,94.3,93.3,93.7,93.2,92.1,94.2,95.2,95.5,94.6
609928,FULLER,AUSL,91.4,92.7,92,91.9,92.1,93,91.4,91.7,91.8,89.6,91.6,92.2,93.2,95.1,94.7
609929,FULTON,Network 11,89,90.1,90.7,91.3,89.5,91.1,91.6,94.6,95.1,94.9,94.7,94.8,94.7,95,94.7
609930,FUNSTON,Network 4,94.9,95.9,94.6,95.4,95.3,95.7,96,95.6,94.7,95.5,94,94.9,95.2,95.9,95
609932,OWENS,,92.9,93.1,93.4,93.7,92.8,93.8,93.7,93.1,91.3,92.4,90.7,,,,
609933,GALE,Network 2,93,92.4,92.1,93.4,93.3,93,93.4,93.1,92.2,92.8,91.2,91.1,91.6,91.7,91.9
609935,GALLISTEL,Network 13,94.4,95.1,94.7,95.1,95,95,95,95.6,95.1,95.3,94.3,95.1,94.8,95.1,95
609937,GARVY,Network 1,95.9,96.2,95.8,95.8,95.6,95.3,95.2,96.1,95.3,96.1,95.4,95.7,95.2,95.5,95.3
609938,GARY,Network 7,96.3,96.1,96,96.2,96,95.4,95.9,96.3,96.1,96.5,95.8,96.2,95.7,95.6,95.2
609939,GILLESPIE,Network 12,90.2,92,92.5,92.1,91.4,92.7,92.9,93,92,93.7,93.1,93.8,93.6,93.3,92.9
609940,GLADSTONE,,92.6,92.2,90.8,91.6,90.9,92.7,,,,,,,,,
609941,RANDOLPH,Network 11,92.3,93,93.3,93.1,92.6,92.1,92.1,93.1,92.1,93,92.2,94.2,94.8,94.9,94.8
609942,GOETHE,Network 4,96.6,96.6,96.5,96.7,96.4,96.5,96.3,95.8,95.8,96,94.6,95.5,95.6,96.1,95.7
609943,OWENS,Network 13,93.4,93.8,94.1,95.1,93.3,94.3,93.6,95.1,93.6,94.6,93.8,92.3,91.9,92.6,92.1
609944,GRISSOM,ISP,94.4,94.6,93.7,94.4,94.1,95.6,95.6,95.4,95.5,95.9,95.4,95.1,95.6,96,95.6
609945,GOUDY,Network 2,94.5,94.6,95.3,95.4,95.9,96.1,96.2,96.4,96.1,96.8,96.3,95.9,96,96,95.4
609947,GRAHAM ES,Network 6,91.9,92.2,91.2,90,90.7,91.6,92.6,92.2,92.5,93,92.3,93.7,93.6,94.2,92.7
609948,GRANT,,88.8,89.9,90.7,,,,,,,,,,,,
609949,GRAY,Network 1,95.3,95.5,94.7,95.7,95.6,95.3,95.4,95.7,95.6,96.1,95.3,95.7,95.4,95.3,95
609950,ORTIZ DE DOMINGUEZ,Network 7,96,96.2,95.9,95.9,94.9,96.1,96.2,96.1,95.8,95.8,94.7,95.3,95.4,95.7,95.3
609951,ARIEL,ISP,95.2,96.2,96.4,96.5,95.3,95.1,95.9,96.2,95.6,95.5,95,95.9,94.9,95.2,94.9
609952,GREENE,Network 8,95.6,95.7,95.5,95.5,95,95.2,95.7,95.7,95.5,96.1,95,95.5,95.2,95.4,94.8
609954,GREGORY,Network 5,90.9,92.2,90.5,90.6,90.5,91.8,92.9,95.2,95.2,95.3,95.3,95.5,96.3,95.5,92
609955,GRESHAM,AUSL,93.3,92.2,92.2,93.4,90.5,92.2,92.6,92.5,95.5,94.7,92.4,93.2,96.1,96,96.1
609956,GRIMES,Network 10,94.6,95.6,95.1,94.4,94.5,95.5,95.4,95.8,95.2,95.4,94.8,95.1,95.6,96,95.8
609958,GUNSAULUS,ISP,95.7,95.7,96.2,95.7,95.7,96.3,96.3,96.7,96.6,96.7,96.5,96.8,97.1,97.8,97.3
609959,HAINES,Network 6,98.3,98.6,98.5,98.6,98.5,98.5,98.5,98.6,98.4,98.8,98.5,98.1,98.1,98,98.2
609960,HALE,Network 10,93.5,93.5,93.7,93.8,93.5,94.3,94.8,94.7,94.5,94.7,94.3,94.9,94.6,95.4,94.9
609961,NINOS HEROES,Network 12,93.3,93.4,93.8,94,93.2,94,93,93.9,94,94.1,93.2,92.5,92.8,92.8,90.7
609963,HAMILTON,ISP,95.3,94.9,95.2,95.9,95.8,98,95.4,94.8,95.3,95.9,94.7,95.6,95.7,95.8,95.7
609964,HAMLINE,Network 8,93.1,93.6,94.5,94,94,94.1,94.8,94.3,94.4,94.4,94.2,93.3,95,94.2,92.7
609966,HAMMOND,Network 7,95.1,95.1,94.5,95.3,95.2,95.1,95.6,95,95.3,94.4,92.6,93.3,94.3,95,94.9
609967,FINKL,Network 7,94.3,94.8,94.9,95.2,95.5,95.5,95.2,95.7,95.3,95.2,94.5,94.6,93.9,94.1,93.3
609968,MCAULIFFE,Network 4,93.5,93.4,93.3,93.9,93.8,93.7,94,94.3,94,94.4,94,94.6,94.1,95.2,94.8
609969,HARTE,Network 9,94.4,95.3,95.6,95.8,94.8,94.7,94.2,95.1,94.2,95.9,94.3,95,95.4,96,95.6
609971,HARVARD,AUSL,90.6,91.5,91.9,89.8,88.9,91.7,94.1,94.4,93,92.5,92.8,93.8,93.9,94.1,96.1
609972,HAUGAN,Network 1,96.1,96.5,96.1,95.9,95.4,95.1,95.6,96.2,96.2,96.4,95.1,95.5,95,95.7,94.9
609973,ZAPATA,ISP,96.2,96.1,95.7,95.9,95.5,96.1,96.3,96.7,96.6,96.7,95.7,96,95.7,96.1,95.9
609974,HAWTHORNE,ISP,96.6,97,96.8,97.2,96.9,96.9,96.8,97.1,96.9,97.1,96.1,96.8,95.7,96,96
609975,HAY,Network 3,93.5,93.8,94.2,94.4,93.8,93.4,93.4,93.6,92.9,92.9,91.8,93,93.8,94.7,93.9
609976,HAYT,Network 2,95,95.2,95.4,95.3,95.2,95.6,96,95.9,96,96.1,95.1,95.6,95.4,95.1,94.7
609977,WOODLAWN,Network 9,94.8,94.9,94.3,95.1,94.4,94,93.8,94.5,93.9,94,92.1,94.2,94,95.2,94.8
609978,SMITH,Network 13,92.1,91.2,91.8,92.1,91.1,92.3,91.7,91.6,92.1,92.1,91.6,93.1,95,96,96
609979,HEALY,Network 6,96.8,97,96.8,96.9,97,96.8,96.8,96.5,96.6,96.7,96.1,95.9,96.3,96.9,96.6
609981,HEARST,Network 10,91.6,91.3,91.5,91.9,91.1,90.2,92.4,92.4,92.1,93.5,91.2,93.2,95.2,95.7,95.4
609983,HEDGES,Network 8,96,96.6,96.4,96.5,96,95.7,96.1,96.6,95.4,95.4,94.8,95,94.2,95.1,95.8
609985,HEFFERAN,Network 5,93.7,93.7,94.1,93.9,94.6,93.2,93.1,94.3,93.8,94.2,93.2,95,95.4,95.1,94.1
609986,HENDERSON,Network 11,91.1,91.5,91.2,92,90.1,91.7,91.5,91.7,89.3,91.9,90.3,90.7,92.1,93.7,93.4
609987,HENDRICKS,Network 9,94.5,94.3,93.5,93.5,93.1,95.3,95.2,94.9,91.3,91.7,90.7,90.3,92,92.8,93.4
609988,HENRY,Network 1,95.7,96.1,95.2,95.5,95.2,95.5,95.9,95.2,95.1,95.1,95.1,94.9,95.1,95.5,95.1
609989,HERBERT,,92.2,93.6,93.7,92.7,92.5,92,91.6,93.2,92.9,93,92,,,,
609990,SOUTH LOOP,ISP,93.4,93.1,94.4,95.1,94.9,95.1,95,95.6,95.4,95.6,95.4,95.8,96.2,95.9,96.1
609991,HERZL,AUSL,93.9,94,94,94.1,93.8,94.3,92.5,91.5,90.8,91.2,91.4,93.3,93.9,95,95
609993,LARA,Network 8,93.5,94.2,94.3,95.5,94.9,94.7,95.2,95.5,95.6,95.9,94.4,95.7,95.4,96.3,95.4
609994,HIBBARD,Network 1,96.3,96.5,96,96.4,96.2,96.3,96.7,96.9,96.5,96.8,96.2,96.6,96.3,96.5,96
609995,HITCH,Network 1,94.4,95.2,94.9,94.8,94.5,94.8,95.5,96.1,95.1,96.3,95.4,95.7,95.4,95.8,95.4
609996,HOLDEN,Network 6,94,94.2,94,94.4,93.8,95,95.4,95.1,94.9,95,92.8,94.5,94.8,96.2,95.4
609997,HOLMES,Network 11,91.7,90.5,89.5,92.2,90.7,91.4,89.2,90,87.1,89,86.3,92.6,93.7,93.1,93.2
609999,NIA,,91.5,91.7,88.6,90.2,92.6,93.3,94.4,,,,,,,,
610000,HOWE,AUSL,92.8,93,91.9,92.4,89.5,89.7,93.8,95.7,96,96.4,95.3,95.6,96.3,96.4,95.7
610001,HOWLAND,,90.7,91.5,91.9,,,,,,,,,,,,
610002,HOYNE,Network 12,94.5,95.3,94.7,94.7,93.9,94.8,95.1,95.4,94.8,95.5,94.7,95.4,96.6,97.1,95
610003,CUFFE,Network 11,94.4,94.2,93.3,92.7,91.4,92.4,93.2,94,93.7,94,93.3,93.3,94.4,94.7,94.5
610004,CULLEN,Network 13,95.1,95.4,95.1,95.2,94.1,95.1,94.5,94.5,94.1,95.4,93.9,94.6,95.2,95.4,95
610005,HUGHES C,Network 5,91.5,91.9,92,92.2,90.8,93.4,92.9,94.8,94.4,95.8,95,94.4,95.8,95.1,94.9
610006,HURLEY,Network 10,95.3,95.7,95.7,96.2,95.4,96,95.7,95.7,95.4,96.2,96.2,96,95.3,95.6,95.6
610009,GALILEO,Network 6,95.1,95,94.9,94.8,94.4,95.1,95,95,95,95,95.2,95.8,94.9,96.3,95.7
610010,JAHN,Network 4,94.4,94.5,94.5,93.7,94.1,94.7,95.4,95.6,94.7,95,93.9,94.4,94.4,94.7,94.2
610011,JAMIESON,Network 2,95,95.6,95.4,95.8,94.8,96.1,95.7,95.8,95.6,96,95.3,95.7,95.7,95.9,95.5
610012,JENNER,Network 6,90.4,90.4,90.6,92,90.3,90.8,92.1,91.5,89.1,92.9,91.7,92.3,92.5,92.8,94.5
610013,PILSEN,Network 7,96.5,96.2,96.2,96.3,96.1,96.2,96.4,96.8,96.1,96,94.6,95.3,94.8,94.8,94.8
610015,JUNGMAN,Network 7,95.7,95.6,95.5,95.2,95,95.3,96.1,96.1,96.4,96.6,95.2,95.7,94.5,94.9,95
610016,KELLOGG,Network 10,96.2,96.1,96,96.2,96.3,96.6,95.9,96.9,96.3,96.9,95.8,96.3,96.5,96.3,96.2
610017,SAUCEDO,Network 7,95.9,96.2,96.2,96.4,96.3,96.6,96.7,97,96.8,96.9,96.2,96.3,96,96.4,95.3
610018,CANTER,,93.8,93.3,93.7,94.7,94.2,94.2,94.2,93.6,91.4,92.7,93.2,94.7,,,
610019,KERSHAW,Network 11,90.6,91.7,92.5,91.2,89,91.7,91.9,93.7,94.8,95.7,94.7,96.5,96.4,96.8,96
610020,KEY,,92.8,92.5,93.2,94.1,91.6,92.5,92.2,93,92,93.4,91.2,,,,
610021,CASALS,AUSL,91.8,91.5,91.1,92.8,91.4,92.3,92.9,93,92,93.2,92.9,95.1,95,96,95.6
610022,KILMER,Network 2,94.5,95,94,94.8,94.4,95.1,95.1,96,96,95,93.6,94.3,94.8,94.2,94.6
610023,KING,,92.5,91.1,90.3,91.3,89,90.4,91.9,92.6,92.4,92.1,94.3,,,,
610024,CARDENAS,Network 7,95,95.5,95.3,94.7,94.9,95.1,96.6,96.5,96.3,95.9,95.9,96.2,96,96.2,95.7
610026,KINZIE,ISP,95.5,95.7,95.8,95.8,95.6,95.6,95.6,95.4,95.5,95.6,95,95.4,95.5,95.9,95.4
610027,KIPLING,Network 11,95.9,95.9,95.4,95.6,95.6,95.4,95.2,95,94.7,96.2,94.5,95.2,95.8,96.3,95.8
610028,KOHN,,90.5,90.8,89.7,89.4,89.3,90.5,90.4,91.4,90.1,91.7,88,,,,
610029,LOZANO,Network 6,96.1,95.9,95.7,95.9,95.5,95.3,95.3,94.7,94.8,94.9,94,94,95.3,95.7,94.8
610030,KOZMINSKI,Network 9,92.3,92.6,93.2,93.7,93,93.5,92.8,93.6,92.1,92.8,92.3,93.6,95.1,94.5,94
610031,LAFAYETTE,,94.1,93.8,93.1,94.3,93.5,92.5,92.5,93.8,94.1,93.7,91.6,,,,
610032,GREEN,Network 11,94.1,94.5,93.9,94.7,94,94.1,93.8,93.7,93.9,94.3,93.7,95.5,95.6,96.1,96
610033,LASALLE,Network 4,96.5,96.9,96.5,97.1,96.7,96.7,96.8,96.9,96.8,96.5,95.9,96.9,96.2,95.8,95.7
610034,LAWNDALE,Network 5,91.7,92.4,91.7,93,93,92.1,92.2,90.6,91.1,92,90.6,90.4,90.7,92.4,94
610035,LEMOYNE,,92.6,92.9,92.5,94.2,94.7,,,,,,,,,,
610036,LEWIS,AUSL,92.6,93.1,92.2,92,91.4,92,92.8,92.2,91.8,93,90.8,92.2,93,94.8,95.8
610037,LIBBY,Network 11,89.8,89.7,90.4,92.2,91.2,91.1,92.5,92.3,90.9,92,90.1,92.2,93.7,96.5,95.4
610038,LINCOLN,Network 4,96,96.6,96,96.2,96.1,96.2,96.4,96,96,95.9,95.2,95.5,95.5,96.3,95.8
610039,VON LINNE,Network 4,95.7,96.1,96.1,96.5,95.9,95.6,95.8,96.2,95.8,96.5,95.8,96,95.9,96.4,96.1
610040,LLOYD,ISP,95.3,95.4,95,95.5,95.1,95.4,95.4,95.7,96.3,96.4,95.6,95.7,95.2,95.1,94.7
610041,LOCKE J,Network 3,94.8,95,94.8,95,94.9,94.7,96.2,95.8,95.6,96,95.4,95.6,95.5,95.5,94.9
610043,LOVETT,Network 3,94.4,94.9,94.6,95.2,94.9,95,94.4,95.9,95.4,96.5,95.7,96.3,96,96.1,96
610044,LOWELL,Network 5,92.7,93.3,93.1,93.1,92.3,92.3,92.8,93.3,93.2,94.8,94.3,95,94.7,94.3,94
610045,LAWRENCE,,93.3,92.8,92.8,92.8,90.4,93.4,94.2,92.4,90.7,93.5,94.3,,,,
610046,LYON,Network 3,95.4,95.5,95,96.1,95.9,95.9,96,95.9,95.9,96.1,95.1,95.6,95.5,95.6,95.1
610047,MADISON,Network 12,91.6,92,91.4,92.2,91.9,91.2,91.5,92.5,95,94.4,94.9,95.1,95.1,95.2,94.5
610048,MANIERRE,Network 4,93.1,93.6,92.4,93,92.6,92.5,92.8,92,91,90,90.1,94.2,94.1,94.9,94.3
610050,ARAI MIDDLE,,92.1,93.6,91.5,91.2,,,,,,,,,,,
610051,NORTHWEST,Network 3,93.7,93.9,94.2,93.7,93.7,93.4,93.4,94,93.4,94.3,92.3,93.1,93.2,94.2,93.9
610052,MANN,Network 12,92.1,92.4,92.8,93.3,92.7,93.6,94.4,92.9,92.6,92.9,93,94.1,96.3,95.6,95.4
610053,MARQUETTE,AUSL,93.7,93.7,93.9,94.3,94.3,94.2,94,94.3,93.1,93.8,93.5,94.4,94.6,95.5,95.7
610054,MARSH,Network 13,96.4,96.2,95.9,96.3,95.7,95.2,95.3,96.1,95.7,96.7,95.4,96.3,95.1,95.9,95.2
610055,FARADAY,Network 5,91.8,91.6,91,91.4,91.5,90.2,90.8,94.3,93.3,94.5,93.6,93.4,94.1,94.7,93.9
610056,MASON,Network 5,90.4,90.2,89.4,91.5,90.5,93.1,92.8,93,92.5,93.5,91.4,92.4,92.8,95.5,94.1
610057,FAIRFIELD,Network 10,91.2,93,93.3,93,93.4,91.9,92.3,92.9,93.4,93.8,93.8,94.2,93.5,94.1,93.9
610058,MAY,,90.2,89.5,90.1,92,90.6,92.2,92.5,92,91.9,93.1,91.4,,,,
610059,MAYER,Network 4,94.4,94.5,94.4,94.8,94.7,94.1,94.6,94.9,95,95.2,94.6,95.9,95.2,94.5,95
610060,JACKSON A,Network 6,96.7,96.8,97.1,97.2,97.1,97.7,97.3,97.3,97.4,97,97.2,97.9,96.7,97.9,97.7
610061,MAYO,,94.2,93.9,94,94.7,94.2,96.5,97.2,96.5,95.3,94.5,93.3,,,,
610062,MCCLELLAN,Network 6,93.8,93.6,93.7,94.9,94.9,94.3,95,93.3,93.2,94,93.3,93.3,93.9,95,94.9
610063,MCCORMICK,Network 7,94.7,96.2,95.3,95.2,95.5,95.8,95.8,96.2,95.9,96.3,95.8,95.9,96,96.3,94.9
610065,TILL,Network 9,92.1,91.4,90.7,91.9,90.9,91,90,89.5,88,90.7,88.8,91.3,91.6,93.3,94.1
610066,MCDADE,Network 12,97.2,97.4,97.2,96.7,96.4,96.9,96.5,96.8,96.2,97.7,96.7,96.9,96.2,96.8,96.7
610067,MCKAY,Network 10,93.4,93.5,92.7,92.6,90.9,93.7,93,94.3,93.6,96,96.4,96.9,96.8,97.7,97.2
610068,HANSON PARK,Network 3,93.1,94.2,93.4,93.7,93.4,94,93.9,94.9,95,95.2,94.1,95.6,95.8,95.8,95.6
610069,IRVING PARK MIDDLE,,93.7,94.5,94.7,93.9,93.9,94.4,,,,,,,,,
610070,MCPHERSON,Network 2,95.8,95.9,96,96.2,95.8,96.8,96.7,96.9,96.6,96.7,95.9,96.1,96.3,96.4,95.6
610071,MEDILL,,92.5,93,90.6,90.5,88.4,91.9,92.2,,,,,,,,
610072,MORGAN,,91.6,92.4,92.3,93,90.7,90.8,90.8,90.1,92,93,91.6,,,,
610073,MITCHELL,ISP,94.1,93.3,95.1,96,95.4,95.8,95.9,96.2,95.5,95.7,95.9,95.9,96.2,96.4,95.7
610074,MONROE,Network 4,95.6,95.8,95.3,95.3,95,95.1,95.3,95.3,95.2,95.7,94.8,94.9,95.3,95.9,96
610075,MONTEFIORE,,77,76.6,74.2,73.2,71.8,78.4,81.2,84.6,80.5,83.2,82.2,86.9,88.3,,
610076,MOOS,ISP,93.2,92.6,92.6,93.5,93.3,92.6,94.3,93.4,93,94.4,93.4,94.7,94.3,95,94.4
610077,MORRILL,Network 10,93.5,94.8,95.1,94.5,94.4,94.3,93.9,94.7,93.4,95.4,95,95.6,95.1,94.8,94.1
610078,INTER-AMERICAN,Network 4,95.9,96.3,95.8,95.9,95.5,95.7,96.1,96.6,96.2,96.5,95.4,96.5,96.1,96.4,95.7
610079,MORSE,,92,90.9,89.7,91,,,,,,,,,,,
610081,SHERIDAN,Network 6,96.2,96.3,95.9,96.2,96.3,95.7,96.4,96.3,96.8,97.1,95.9,96.8,96.3,97.1,96.7
610082,MOUNT GREENWOOD,ISP,94.5,94.2,93.9,94.3,94.7,95.2,95.4,95.9,96,96.5,95.2,96,95.8,96.3,95.9
610083,BEARD,Network 1,93.7,93.7,91.9,93.1,91.9,92.1,92.4,91.5,91.9,92.7,92.6,91.8,92.4,92,91.8
610084,KELLER,ISP,96.5,96.9,97,97.2,96.6,97.3,97.3,97.4,97.5,97.6,97,97.4,97.1,97.2,97.3
610085,NEAR NORTH,,85.5,87.3,85.3,87.2,85,83.3,85.8,82.7,80.2,83.5,82.1,,,,
610086,MOUNT VERNON,Network 13,92.5,93.2,93.3,92.3,91.1,92.4,90.2,92.3,93.4,94.6,93.4,93.7,94.1,93.7,93
610087,BLAIR,Network 10,83.4,83.3,78.9,75.2,74.9,80.5,74.9,83.3,80.6,85.3,84.4,82,77.3,77.3,80.5
610088,MOZART,Network 4,95.9,96.3,95.4,95.6,95.8,96.2,96.1,95.4,95.3,95.7,94.8,95.4,95.6,96.2,95.4
610089,MURPHY,Network 1,95.1,95.5,95.7,95.8,95.4,94.8,96.1,95.9,95.6,96.1,95.5,95.6,95.8,95.7,95.3
610090,MURRAY,Network 9,97.1,97.1,96.6,96.7,96.1,96.2,96.3,96.7,95.6,96.3,95.4,95.6,95.6,96.1,95.7
610091,BROWN R,Network 13,94.7,94.6,93.7,94.4,93.4,95,94.4,95.3,94,94.6,95,95.7,95.4,95.2,95.4
610092,NASH,Network 3,90.6,91.1,90.2,91.7,90.9,93.8,95.1,95.1,95.1,96.9,95.9,95.7,95.6,95.7,95.2
610093,NEIL,Network 12,89.4,90.8,89.5,90.2,89.7,89.7,90.6,90,89,90.5,88.4,88.9,89.8,90.6,89.4
610094,NETTELHORST,Network 4,92.5,94.2,93.5,94.2,94.6,95.5,95.4,96,95.5,95.7,95.1,95.4,95.1,95.3,95
610095,NEWBERRY,Network 4,95.5,96.4,95.7,96.2,95.6,94.9,95.4,95.3,95.1,95,94.2,94.8,94.4,95.1,95
610096,NIGHTINGALE,ISP,95.6,96.6,96.2,95.9,95.9,96.1,96,95.8,95.7,95.7,95.3,95.3,95.2,95.9,95.3
610097,NIXON,Network 4,95.2,95.5,94.5,94.8,94.3,95.2,95.7,95.5,95.6,95.9,94.8,95.8,96,96.1,95.3
610098,NOBEL,ISP,95.7,96.3,96.2,95.3,94.6,93.9,94.5,95.4,94.6,95,94.3,95.4,95,95.6,94.3
610099,NORWOOD PARK,Network 1,95.6,95.9,96.1,96.8,96.6,96.5,96.3,96.5,95.5,96.4,94.8,95.5,95.4,96.1,96.2
610100,WEST PARK,Network 5,93.3,93.6,92.8,93.9,93.5,94,94.1,94,93.7,94.2,93.5,94.6,94.3,94.5,93.5
610101,OGDEN ES,Network 6,94.6,95,94.6,95.3,93.9,95.7,96,96.2,95.1,95.1,94.7,95.3,95.2,95,94.8
610102,OGLESBY,Network 11,91.6,92,92.2,91.7,89.7,89.9,89.6,91.8,94.5,95.1,93.8,94.2,94.4,96.2,94
610103,OKEEFFE,AUSL,90.9,91.8,91.6,92.4,91.2,93.4,93.7,92.7,92.1,91.9,89.8,92.8,94,94.9,93.9
610104,ONAHAN,Network 1,95.3,95.5,95.5,95.7,95.7,94.9,95.6,95.7,95.7,95.5,94.2,95.5,94.8,95.3,95
610105,ORIOLE PARK,Network 1,95.6,96.7,96.1,96.1,96.4,96.5,97.2,97.2,96.6,97.1,95.6,95.3,95.1,95.8,95.5
610106,PICCOLO,AUSL,92.6,92.5,92.5,92.5,92.4,91.7,92.6,93.4,90.6,93.1,95,96.2,94,95.1,96
610107,OTIS,Network 6,94.6,94.8,93.9,94,94.4,95,94.9,94.9,95.5,95.5,93.8,94.4,94.9,95.1,93.6
610108,OTOOLE,Network 11,92.1,92.6,93.4,91.8,90.9,93,92.2,89.9,89.3,90.7,89.6,92.5,92,94.3,95.2
610109,OWEN,Network 10,96.3,97.1,96.5,96.7,96.2,96.8,97.4,97.2,96.9,96.8,96.1,95.5,95.6,95.6,95.9
610110,WELLS ES,Network 9,93.9,94.1,93.3,93.2,92.7,94.1,93.4,93.2,93.2,92.6,93,92.5,93.5,93.9,94
610111,PALMER,Network 1,95.4,96.1,95.2,96.3,96.1,96.7,96.4,96.7,96.3,96.5,95,95.5,95.6,94.9,94.7
610112,PARKER,Network 11,91.3,90.7,90.8,91.6,88.7,90.5,90.5,93.1,91.9,92.5,90.4,95.6,93.3,94,93.9
610114,PARKMAN,,91.5,90.6,90.2,90.1,88.9,89.6,91.3,92.1,90.6,92.4,90.4,,,,
610115,PARK MANOR,Network 12,91.4,90.5,90.9,91.6,90.7,92.5,90.2,92.5,94.9,95,95.4,96,96.1,95.1,95.8
610116,PARKSIDE,Network 12,91.5,91.7,91.6,91.8,93.4,91.6,90.6,91.7,89.8,89.9,87.6,90.5,90.7,94.3,95.1
610117,PASTEUR,Network 8,95.6,95.4,94.8,94.7,94.4,95.1,95.5,95.5,95,96.3,95.5,95.2,95.2,95.3,94.7
610118,TRIUMPHANT CHARTER,,93.6,94.4,93.9,,,,,,,,,,,,
610119,PEABODY,,94.2,94.3,93.9,94.9,95.3,95.1,95.7,95.4,95.3,95.1,94.3,,,,
610120,PECK,ISP,95.7,95.7,95.6,95.9,95.9,96.1,96.5,96.5,96.3,96.5,96,95.8,95.7,96.3,95.5
610121,IRVING,Network 6,96.1,96.3,95.6,95.2,95.2,95.7,95.3,95.9,95.6,95.6,94.2,95.1,95.3,95.6,93.9
610122,PEIRCE,Network 2,96.7,96.4,96.4,96.5,96.4,96.7,97.1,96.8,96.7,96.7,95.8,96.6,96.1,96.3,95.6
610123,PENN,Network 5,93.2,93.8,93,93.8,93.8,92.7,91.9,91.6,91.9,94.5,93.5,93.7,94.3,95.5,94.5
610124,WASHINGTON H ES,Network 12,95.3,95.5,95.6,96.5,95.9,96.2,96.4,96.8,96.1,96.6,94.1,95.2,94.1,95,94.3
610125,RUIZ,Network 7,95.3,96.1,95.9,95.4,94.9,95.2,95.2,95.8,95.5,95.6,94.2,95,94,94.2,92.7
610126,PERSHING,Network 9,96.7,96.3,95.8,95.5,95.5,95.7,95.7,95.1,95.5,95.5,95.1,95.8,95.7,95.7,95
610127,PETERSON,Network 1,95.9,95.6,95.3,95.4,95.4,95.2,95.3,95.7,95.5,95.9,94.9,95.3,95.2,95.5,95.3
610128,GARVEY,Network 13,94.5,95.6,95,95.5,93.7,94.2,94.1,93.7,94,93.8,94,93,93.6,93.9,93.4
610129,PICKARD,Network 7,95.5,95.6,96.2,95.9,95.7,95.5,96.1,95.9,95.8,96.3,94.9,96.1,96,96.3,96.3
610130,PIRIE,Network 12,94.4,94.2,94.4,94.4,93.2,93.4,93.9,93.5,93.6,94.8,94.3,94.3,94.5,95,94.5
610131,PLAMONDON,Network 5,96.1,95.8,95.7,96.5,96,96.6,96.4,96.2,96.9,97.1,96.4,96.2,94.9,94.6,95.7
610132,POE,Network 13,97.7,97.5,97.4,97.5,97.3,97.7,97.7,97.6,97.6,98,97.5,98.1,97.3,97.7,97.5
610133,WARD L,Network 5,90.2,89.6,89.5,90.9,89.6,92.8,93.4,94.4,93,94.3,95.8,95.6,96.2,96.3,91.1
610134,POPE,,90.2,90.1,88.6,89.7,91.1,94.1,91.4,91.3,91.7,92.8,90.3,,,,
610135,PORTAGE PARK,Network 1,94,94.6,94.4,94.3,94.2,93.8,94.8,94.6,94.2,94.6,93.8,93.6,94.6,95,94.9
610136,PRESCOTT,Network 4,94.6,94.2,93.9,95.4,94.8,95.1,95.3,94.6,93.5,95.8,94.7,95.4,95.5,96,95.6
610137,PRUSSING,Network 1,95.8,96.1,95.3,95.5,95.7,96,95.8,96,95.4,95.9,95,94.6,95.1,95.1,94.9
610138,PULASKI,Network 6,94.8,95.1,94.8,95.4,95.5,95,95.7,96,96.1,96.4,95.5,96.1,95.9,96.1,95.9
610139,PULLMAN,Network 13,91.5,91,92.7,93.2,92.8,94.5,94.7,94.8,93.7,92.9,90.5,93.5,96.2,96,96.1
610140,JOHNS COMMNTY ACAD,,90.2,91.8,91.6,89.6,90.2,90.7,,,,,,,,,
610141,RAVENSWOOD,Network 2,96.2,96,95.9,95.4,95,95,94.7,95.3,94.9,95.5,95.7,96,95.6,96,95.9
610142,RAY,Network 9,95.4,96,95.9,96,95.3,95.3,95.1,95.2,95.2,95.6,94.9,94.3,93,94.4,94.5
610143,REAVIS,Network 9,93.4,93.2,92.7,94,93.7,94.3,95,94,93.6,93.9,92,92.6,94.3,93.8,94.4
610144,REILLY,Network 4,98,97.8,97.6,98.1,97.8,97.2,96.9,97.1,97,96.9,96.4,96.6,96.5,96.4,95.8
610145,REINBERG,Network 1,94.5,95.1,94.5,95.3,95,95.8,95.5,95.7,95.8,95.9,94.8,95.6,95.3,95,94.6
610146,REVERE,Network 12,92.6,92.4,92.8,93,91.3,92.2,91.3,92.6,92.4,92.7,91,92.8,92.6,92.3,94
610147,ROGERS,Network 2,95.8,96.5,95.6,96.1,95.5,95.6,95.5,96.3,96.4,96.7,95,95.6,95.2,95.5,95.1
610148,CHAVEZ,ISP,95.1,95.7,95.8,95.8,94.9,95.2,94.9,95.3,95.1,95.6,95.4,96.2,96.5,96.6,96.5
610150,ROSS,,90.5,89.5,89.8,91,89.9,90.4,90.3,90.4,88.9,90.6,90.2,,,,
610152,RUGGLES,Network 12,93.1,92.7,93.4,94.3,93.3,93.2,93.7,93.9,93.9,94.5,93.5,94.2,95,96.1,94.3
610153,RYDER,Network 11,93.3,93.8,93.2,94.5,93.4,94.7,94.4,95.1,93.1,94.2,91.3,95.1,95.5,96.2,96.3
610154,RYERSON,,91.7,92.3,91,92.2,90.9,92.9,93.9,95.6,95.6,95.4,93,,,,
610155,SAUGANASH,Network 1,95.4,96.3,96.1,96,96.2,96.4,96.5,96.5,96.3,96.8,95.6,96.3,95.6,95.9,95.7
610156,"ARMSTRONG, L",,94.2,94.6,93.1,94.1,93.5,93.1,92.7,93,92.6,95.5,94.8,,,,
610157,SAWYER,Network 8,97,97,97,96.7,96.4,96.7,96.9,96.6,96.8,96.7,96,95.9,95.7,95.8,95.1
610158,SAYRE,Network 3,96.1,96.3,95.9,96.4,96.4,95.7,96.1,96.2,96.2,96.7,95.7,95.5,94.6,94.7,94.2
610159,SCAMMON,Network 1,95.9,96.5,95.9,96,96,95.8,96.2,96.4,95.9,96.1,95.2,95.1,95.7,94.1,94.4
610160,SONGHAI,,91.8,91.8,91.7,91.4,91.6,93.1,91.9,91.9,89.5,91.4,92,,,,
610161,BONTEMPS,,93.4,92.3,92.7,93.1,92.3,93.2,93.9,93.5,94.2,93.2,91.9,,,,
610162,SCHILLER,,89.5,89.7,91,92.2,91.3,89.2,90,,,,,,,,
610163,STOCK,Network 1,,,,,,,,,,73,68.6,,,,
610164,SCHNEIDER,,90.8,91.8,92,92.7,92.4,93.1,93.1,94.7,94.2,,,,,,
610165,SCHUBERT,Network 3,95.8,96.2,95.4,95.5,94.6,94.8,95.3,95.9,95.8,95.5,94.7,94.6,94.8,94.9,94.8
610167,SEWARD,Network 8,96.1,96.3,96.3,96.5,96.2,95.7,96.1,95.6,95.7,96.1,95.8,96.1,96.1,96,95.6
610169,SEXTON,,89.7,89.2,89.7,91.7,90.8,92.8,90.4,91.2,90.5,92.1,89.9,,,,
610170,COLUMBIA EXPLORERS,Network 8,95.5,96,95.9,95.7,94.6,95.2,94.8,95.6,95.5,96,94.4,96,95.9,96.6,96.5
610171,MIRELES,Network 12,92.7,93.3,92.4,91.5,91.4,92.8,92.5,92.7,92.9,93.1,91.8,92.7,93.7,93.9,93.2
610172,SHERMAN,AUSL,92.7,91,92.1,91.4,90.6,91.3,92.2,92.6,92.3,92.7,92.5,93.4,95.9,96.4,95.9
610173,SHERWOOD,Network 11,90.5,90.3,90.3,90.2,90.6,91.4,93.1,92.5,92.1,91.7,92.2,95,95.9,95.5,96.1
610174,SHIELDS,Network 8,96.2,96.6,96.4,96.6,96.7,96.9,97,96.9,97,96.6,95.4,96.1,95.3,95.9,95.5
610175,SHOESMITH,Network 9,93.6,94.4,94.2,94.6,94.3,94.8,94.5,94.7,94.7,94.8,93.6,94.9,95.1,95.2,95.2
610176,SHOOP,Network 13,93.1,93.1,92.4,93.4,92.4,93.5,93.1,93.3,93.3,95.5,93.3,95.1,95.1,95.1,95
610177,SKINNER,ISP,96.2,96.9,96.7,97.1,96.4,97,96.5,97.2,97.1,96.9,96.5,96.8,96.8,97.7,97.6
610178,SCHMID,Network 12,93.7,94.5,94.2,95.2,93.2,94,93.9,93.8,92.1,92,91.6,93.7,94.2,95.4,94.8
610179,SMYSER,ISP,95.9,96,95.6,95.4,95.4,95.7,95.8,95.7,95.5,95.7,94.8,94.5,94.4,95,93.7
610180,SMYTH,Network 6,90.8,91.7,91.2,92.3,91.8,91.5,93,93.1,92.5,93.3,92.3,93.3,92.8,95,94.3
610182,SOLOMON,Network 1,94.5,95.9,95.9,96.1,96.3,95.8,96,96.5,95.7,96,95.1,95.9,94.9,95,94.9
610183,SPENCER,Network 3,89.8,90,90.1,90.6,90,91.6,91.7,91.9,92.6,95,93.1,95.2,94.4,94.1,93.4
610184,SPRY ES,Network 7,95.3,96.1,96.2,96.4,96.6,96.3,96.5,96,96.2,96.2,95.3,95.7,94.5,94.2,93.5
610185,STEVENSON,Network 10,94.3,95,95.2,95.8,95.3,95.2,95.4,96.1,95.7,96.6,96,96.3,96.4,96.2,95.3
610187,STEWART,,93.3,93.4,93.5,93.5,93,93.9,94.6,94.2,95.2,95.8,95,,,,
610188,DUNNE,Network 13,95.5,95.7,95.3,95.1,94.1,94.1,93.8,94.5,94.6,95.4,95.2,95.3,95.4,95.6,94.9
610189,STOCKTON,,95,94.9,94.7,95.7,94.9,95.1,95.7,94.8,94.9,95.2,93.1,,,,
610191,STONE,Network 2,96.1,96.4,96.5,96.6,96.3,96.6,96.5,97,96.4,97,96,96.5,95.9,96.1,95.7
610192,STOWE,Network 5,94.2,94.2,93.7,94.5,93.2,94.2,94.8,94.5,93.8,94.8,94.3,94.2,94.2,94.9,94.8
610193,NEW SULLIVAN,Network 12,92.1,91.8,90.4,93,89.9,90.4,91.1,90.3,90.3,92.5,90.3,91.4,91.4,92.7,91.8
610194,SUMNER,Network 5,92.8,92.6,91.7,92.3,91.7,92.9,92.3,94,93.9,94.8,94.7,95,95.4,96,95.2
610195,SUTHERLAND,Network 10,95.3,95.6,95.3,95.6,95.7,96,95.9,96.1,95.6,96.1,95.1,96,95.4,95.4,95.9
610196,SWIFT,Network 2,96,95.8,96.1,96.4,96.5,95.9,96,96.5,96.4,96.4,95.7,96.3,95.5,96,95.6
610197,TALCOTT,ISP,93.9,93.7,94.1,94.6,94.7,95.4,95.9,96,95.9,95.5,95.4,96.3,96.3,96.2,95.2
610198,TAYLOR,Network 13,95,95.8,95.4,95.1,94.8,94.6,94.7,95.2,95.2,94.7,94.6,95.5,95.2,96.1,95
610199,COLEMON,Network 13,93.9,94.7,93.4,95.8,94.3,95.7,95.5,95.5,95.9,96.5,95.5,95.5,95,95.8,95.6
610200,THORP J,Network 12,92.6,92.8,92.5,92.5,91.6,92.9,93.5,93.1,91.9,92.9,90.9,91.4,91.4,92.9,93.3
610201,THORP O,Network 1,96.4,96.8,96.8,96.8,96.3,96.4,96.4,96.7,96.4,96.8,95.7,96.4,95.7,96.5,96.2
610202,TILTON,Network 5,90.8,91.8,92.2,92.4,92.2,91.5,92.3,93.2,91.5,94.1,91.8,91.7,93,93.1,92.6
610203,TONTI,ISP,95.3,95.2,95.3,95.5,95.3,94.1,94.8,95.8,95.8,96.4,96.3,96.2,96.1,96.2,95.3
610205,TRUMBULL,,94.9,94.6,94,94.3,95.3,94.8,94.6,95.2,94.3,95.2,94.1,,,,
610206,TWAIN,Network 10,95.9,96.3,95.8,95.9,95.7,96.9,96.7,96.2,96.3,96.6,95.7,95.8,95.7,96.1,95.7
610207,VANDERPOEL,Network 10,95,96.5,96.3,96.3,96.3,96.5,97,97.1,97.3,97.1,95.8,97,96.7,96.6,95.9
610208,LAVIZZO,Network 13,91.4,91,90.1,89.7,88.6,89.3,92.1,91.5,91.6,93.6,91.3,92.5,94.7,96,96.6
610209,VOLTA,Network 1,97.5,96.9,96.5,96.8,96.3,96.2,96.2,96.7,96.4,96.7,96.2,96.3,95.5,96.3,95.9
610210,VON HUMBOLDT,,92.8,92.5,92.9,92.7,92.2,93.2,92.8,93.4,92.5,92.8,93.4,,,,
610212,ALBANY PARK,Network 1,94.2,96.6,95.7,95.1,96.2,95.1,94.7,96.6,97,96.6,96.8,95.4,96.5,97,96.7
610213,WADSWORTH,Network 9,93,93.4,93.3,94.4,93.5,92.8,92.6,92.9,92.2,93.6,92.1,93.7,95.3,96,95.9
610215,MADERO,Network 7,95.2,95.8,94.6,95.7,95.7,94.8,94.8,95.7,95.1,95.3,93.6,95.7,95.9,95.5,94
610216,WALSH,Network 7,95.9,95.5,95.1,95.6,95.5,94.8,94.1,95.1,95.1,95.1,94.1,95.3,95,94.6,94
610217,WARD J,Network 6,96.2,97.2,96.8,97.1,97.4,97.6,97.7,98.1,97.8,97.9,97.1,97.9,97.7,98.3,98.2
610218,WARREN,Network 12,92.5,92.7,93.4,92.4,92.4,94.6,93.2,94.6,95,96.2,94,94,94.1,94.2,93.4
610219,WASHINGTON G ES,Network 13,95.8,95.7,95.7,95.9,95.5,96.1,95.7,95.9,95.5,95.8,95.6,96.2,96,96.2,95.3
610220,WATERS,Network 2,94.3,94.9,94.9,95.4,94.8,95.5,95.3,96.4,96.1,96.5,95.8,96.5,95.8,96,95
610221,WEBSTER,Network 5,94,94.7,93.8,94.7,93.7,93.1,93.9,94.1,94.8,94.7,93.9,94.6,95.5,95.4,94.2
610223,WENTWORTH,Network 11,91.8,92.9,92.5,93.1,90.4,91.6,90.2,91.4,91.6,91.5,91.3,90.8,92.7,93.5,94.1
610224,WEST PULLMAN,,90.3,91.9,91.1,92.2,90.8,92.1,91.9,92.2,91.3,92.8,87.8,,,,
610225,WHISTLER,Network 13,93.8,93.6,93.6,94.7,92.4,92.4,92.8,93.7,92.4,93.7,92.4,94,94.7,95.9,94.3
610226,SANDOVAL,Network 8,96.6,96.2,96.6,96.3,96.7,96.6,96.7,95.9,95.8,96.3,95.6,95.6,95.7,96.4,95.8
610227,WHITNEY,Network 7,95.7,96.7,96.6,96.6,96.2,95.6,95.8,96,95.8,96.2,95.3,95.2,95.1,95.6,94.9
610228,WHITTIER,Network 7,95.8,95.8,95.3,95.9,94.9,94.9,95.7,95.4,94.9,95.4,94.2,94.5,94.6,95.4,95.4
610229,PRITZKER,Network 6,94.7,95.3,95.4,95.5,94.5,94.9,94.1,95,94.6,95.1,94.2,94.4,95,95,94.8
610230,WILDWOOD,Network 1,96,96.1,95.7,96.2,95.5,96,96.2,96.8,96.2,96,95.6,95.6,95.8,96.2,95.9
610231,NATIONAL TEACHERS,AUSL,90.9,92,91.4,92.5,91.4,92.8,93.4,94,94.7,95.6,94.4,95.7,95.9,96.1,95.9
610232,WILLIAMS ES,,,93.4,92.2,92.1,91.6,92.4,93.2,93.1,91.7,92.7,91.9,,,,
610233,YALE,,88.9,89.5,89.6,90.7,91.3,91.4,90.3,90.9,89.8,90.9,89.3,,,,
610234,YATES,Network 5,94.1,93.8,93,93.8,93.5,93.8,94.1,94.5,93.8,94.2,94.2,94.7,95.2,95.8,94.3
610235,YOUNG ES,Network 3,92.8,93.2,93.1,94,92.7,93.3,93.6,94.6,94.4,94.7,93.5,93.6,93.6,94.3,93.7
610237,BEETHOVEN,Network 9,89.4,91.8,93.4,94.2,92.9,93.3,93.8,94.1,93.7,95.2,91.8,92.4,92.4,91.8,91.3
610238,BOND,Network 11,92,91.7,92.7,92.6,90.3,89.7,88.8,91.2,91.7,93.1,89.8,94,94,94.4,93.8
610239,DALEY,Network 8,92.6,92.7,93.4,93.5,92.8,94.1,94.4,95.1,94.9,95.7,94.9,95.2,94.8,95.3,94.7
610240,HENSON,,91.3,91.8,92.1,92.6,90.1,90.2,89.4,91.2,91,91,88.4,,,,
610241,MARCONI,,92.2,92.8,93.4,94.6,92.7,91,91.6,92.1,91.6,92.3,90.6,,,,
610242,BRENNEMANN,Network 2,93.8,94.3,94.3,94.3,93.6,94.8,94.4,95.7,96.6,95.9,95.7,95.7,96.6,96.9,97.5
610243,CALHOUN,,92.8,93.5,93.1,93,92.5,92.9,93.5,95.2,96,95.9,92.7,,,,
610244,CLARK HS,Network 3,90.8,90.8,89.5,88.6,80.5,82.6,78.2,81.5,79.4,89.6,90.2,91.5,90.8,92.4,93
610245,DOUGLASS HS,Network 3,89.4,90,87.8,87.3,83.5,66.9,74.3,74.3,79.8,76.9,78.5,75.9,78.8,78.9,79.4
610246,BEASLEY,Network 9,94.8,95.1,94.8,95.1,94.9,95.4,94.9,95.4,95,95.4,94.4,95.4,94.8,95.1,96.1
610248,CHICAGO ACADEMY ES,AUSL,96.9,97,96.4,96.4,95.8,95.6,96.4,96.4,96.3,97,96.5,96.2,95.9,96.2,96
610249,TALMAN,ISP,95.5,96.3,96.3,96.4,96.6,96.4,96,96.2,96.3,96.9,95.4,95.7,96.6,96.9,96.1
610250,SALAZAR,Network 6,95.4,95.5,94.8,95.6,95.4,95.9,95.5,95.9,95.1,95.9,95.3,95.7,95.2,96.2,95
610251,CATHER,Network 5,90,91.7,91.5,92.1,92.3,92.6,93.7,94.2,94.9,96.7,95.4,94.3,94.6,94.6,92.1
610252,DETT,Network 6,93,93.4,92.7,91.2,92.4,91.2,92.9,94.6,94.4,94.4,95,92,92.1,95.4,95
610253,LATHROP,,91.4,91.5,90.6,89.6,91.4,88.4,90,92.4,90.6,92.9,,,,,
610254,DVORAK,AUSL,93.4,93.7,93.6,93.9,93.7,94.5,93.6,94.3,94.2,94,92.8,94.2,93,95.5,95.2
610256,ROBINSON,Network 9,95.2,95.4,95.3,94.2,92.5,92.7,93.1,93,90.6,90.9,88.8,90.4,89.2,90,93.6
610257,MORTON,AUSL,87.9,88.8,88.6,87,87.8,90.3,92.6,91.4,93.6,94.4,94.2,95.2,95.1,95.8,94.9
610258,PRICE,,91.5,92.2,92.5,94.2,92.5,93.4,92.6,92.2,90.3,91.1,,,,,
610260,MCCORKLE,,93.3,92.4,91.4,91.6,90.8,91.3,91.5,93.9,,,,,,,
610261,BUNCHE,,89.6,88.9,90.7,,,,,,,,,,,,
610263,DULLES,AUSL,91.6,92.2,91.6,93.4,91.6,93.2,92.1,92.3,94.1,95.3,93.3,91,93.3,95.1,96
610264,REED,,89.5,89.1,90.6,90.5,89.8,89.1,90.3,90.4,92.5,93.6,,,,,
610265,BANNEKER,,90.1,90,91.4,91.8,89.7,90.9,90.8,90.5,91.3,92.9,90.6,,,,
610266,DUMAS TECH ACAD,,91.5,91.6,92.4,92.7,90.5,93.4,91.7,93.4,92.5,92.5,92.1,,,,
610268,ASHE,Network 12,91.8,92.4,91.5,91.6,89.3,89.8,89.8,88.3,87.9,89.7,88.2,90.2,90.2,90.4,92.5
610269,MCCUTCHEON,Network 2,93.2,93.4,93.3,93.8,93.4,94.9,94.7,94.6,94,93.7,93.8,95.2,95.4,95,95
610271,JENSEN,Network 5,93.4,93.4,93.7,93.5,91.7,93.5,92.7,93.1,93.1,93.9,92.8,93.3,95.1,94.8,93.8
610273,PADEREWSKI,,94.4,91.2,92.6,92.7,90.4,89.1,91.4,91.2,92.1,91.5,88.9,,,,
610274,JOHNSON,AUSL,93.6,92.5,92.1,92.8,90.3,91.4,90,93.3,94.7,95.2,95,94.4,95.1,95.7,95.6
610276,MOLLISON,Network 9,91.9,92.5,92.4,92.6,92.4,93,92.9,93.4,91.1,93.2,93.5,93.1,93.3,93.6,92.7
610277,OVERTON,,91.7,91.8,91.9,91.7,92.1,93.3,91.9,92.5,90.5,91.2,90.2,,,,
610279,TANNER,Network 12,93,93.4,93.1,92.8,91.1,91.9,91.2,89.6,91.9,93.3,91.7,92.6,92.7,92.8,92.7
610280,BUCKINGHAM,,87.6,86.2,87.7,86.6,86.6,86.2,85.3,86,83.5,85.7,84.2,,,,
610281,POWELL,Network 12,95.1,96,94.4,94,92.8,96.6,95.2,96.4,95.6,95.3,95.5,96,95.1,94.8,94.5
610282,MCNAIR,AUSL,90.8,91.9,91.9,91.6,90.7,91.2,90.9,92.7,90.8,92.5,90.3,91.2,94.8,96.2,96
610283,GUGGENHEIM,,92.1,92.3,92.6,92.3,91.1,91.1,90.2,92.6,90.9,90.6,,,,,
610284,NEW FIELD,Network 2,,95.1,95.5,95.7,95.5,96.1,96.2,96.4,96.2,96.7,96.2,96,95.9,96.1,95.5
610285,WOODS,,90.8,90.2,90.5,89.9,90,89.7,90,91.6,91.9,92.5,92.3,,,,
610286,SOUTH CHICAGO,,90.8,91.1,92.8,92.7,91.6,91.8,91.8,,,,,,,,
610287,ASHBURN,Network 10,96.1,95.1,95.2,93.4,93.5,94.2,94.8,95.2,95.6,94.7,94.2,93.4,94.1,95.1,94.5
610290,MAYS,Network 11,91.7,92.3,92.8,92.6,92.4,96,96.3,95.5,95.5,96.3,95,92.1,93.1,93.8,91.5
610291,LEE,ISP,95.1,95.4,94.8,95.4,95.1,95.2,95.1,95.7,95.1,95.7,95.1,95.5,95,95.2,94.6
610292,"DAVIS, M",,93,93.8,92.5,93.7,92.9,94.1,,,,,,,,,
610293,MELODY,Network 5,92.7,92.5,91.6,93.1,93,93.8,94,93.8,92.2,94,92.9,94.4,94.3,95.7,95.4
610295,HIGGINS,Network 13,93.5,93.7,93,93.8,94,95.3,95.3,94.7,95.3,95.1,95.4,96.4,94.6,95.1,94.3
610296,SCHOOL OF TECH HS,,,86.2,83.2,82.9,74.7,68.4,75.8,75.6,80,,,,,,
610297,SCHOOL OF LEADRSHP HS,,,80.8,78.6,81.7,80.4,61.9,72.9,74.3,72.6,70.9,74.7,78,,,
610298,LENART,ISP,96.6,96.3,96.8,97.2,97.4,97.5,97.5,97.3,97.5,97.7,96.9,97.5,96.5,97.2,96.9
610299,KING ES,Network 11,90.7,90.7,91.9,92.2,91.6,85.8,91,90.8,91.7,94.5,93.5,95.2,95.1,94.3,92.1
610300,WESTCOTT,Network 11,91.5,91.8,92.7,92.3,92.6,93.2,94.4,94.1,92.7,93.9,93.1,93.8,94.1,94.6,93.3
610301,BIG PICTURE BACK OF,,,94.3,92.8,91.2,84.9,79.5,86.3,,,,,,,,
610302,EXCEL - ORR HIGH,,,,74.3,78.2,78,67,,,,,,,,,
610303,AASTA HS,,,,77.7,82.8,74.7,73.1,,,,,,,,,
610304,PHOENIX MILITARY HS,Network 6,79.6,81.5,78.8,79,86.7,87.1,88.8,92.4,92.1,93.3,95.7,95.3,95.6,95.3,95.6
610305,LELAND,Network 3,93,93.9,93.4,93.6,92.2,92.9,92.6,93.1,92.7,95,94.2,92.2,92,92.3,91.5
610306,DE LA CRUZ,,92.9,93.9,94.4,94.4,94.1,94.2,96.5,,,,,,,,
610307,BOWEN HS,,85.3,83.3,81.7,84.1,78.9,78,80.6,86.1,67.8,,,,,,
610308,RUDOLPH,Network 6,83.1,84.2,83.4,82,81.3,80.9,81.9,81.9,80.1,81.3,79.7,76.2,78.1,77.9,76
610309,CHGO DISCOVERY HS,,89.7,90.2,85.7,84.7,80.7,85.9,82.3,82.4,78.9,,,,,,
610310,SCHOOL OF THE ARTS HS,,81.7,82.6,82.1,81,85.4,73.1,71.3,72.4,80.1,,,,,,
610311,ENTREPRENEURSHP HS,,85.4,81.9,82.4,80.7,82.3,68.8,70.4,80,78.2,,,,,,
610312,MCDOWELL,ISP,95.5,96,95.1,95.2,94.5,95.3,94.6,96,95.5,95.9,94.8,95,96.2,96.8,96.9
610313,DE DIEGO,Network 5,95.4,95.7,95.2,95.5,95.1,95,94.9,94.9,95,94.9,94,93.6,93.6,94,91.5
610315,WHITE,Network 13,94.2,95.4,95.3,95.1,93.8,93.3,92.3,92,93.9,94.7,94.4,93.3,94.1,93.7,94.1
610316,EARHART,Network 12,96.3,96.8,96.5,97,96.4,96.4,96.5,96.5,96.4,96.6,96.8,96.6,96.4,96.9,96.2
610317,BRIGHTON PARK,Network 8,95.6,96.5,96.2,95.8,95.4,96.5,96.8,96.5,96.3,96.1,95.6,95.9,95.4,95.1,94.7
610318,ANDERSON COMMNTY ACA,,85,84.6,84.6,,,,,,,,,,,,
610319,EVERGREEN,Network 8,92.6,92.8,94.2,94.8,94.9,95.5,95.5,96.7,96.1,96.4,95.8,95.1,95.5,95.3,96
610320,DUPREY,,95.4,95.2,95.2,94.1,93.3,95.4,95.4,95.7,95.4,93.8,94.9,,,,
610321,MARSHALL MIDDLE,Network 1,94.2,94.3,94,93.9,94.6,94.3,94,94.8,94.1,93.6,91.5,91.6,93.4,93.7,
610322,VINES HS,,,83,79.4,81.4,78.8,68.4,,,,,,,,,
610323,BOWEN HS,Network 12,,,86.6,85.4,79.5,78.4,81,82.2,76.4,76.4,80.8,85.9,88.3,87,82.2
610324,GLOBAL VISIONS HS,,,85.1,85.4,85.1,76.4,75,80.9,78.8,77.1,,,,,,
610325,LOGANDALE,Network 4,95,93.7,94.6,94,94.4,94,93.9,95.4,95.1,95.4,94.4,95.8,96,96.1,95.2
610329,OROZCO,Network 7,96.5,97.2,97.2,97.1,97.6,97.6,97.4,97.9,97.6,97.4,96.7,97.3,96.8,96.7,96.1
610334,RABY HS,Network 5,,,93.8,90.7,90,86.8,83.7,82.9,80.4,82.2,82,83.7,86.9,85.2,85.2
610335,KIPP - CYVA,,,93.3,92.8,96.1,,,,,,,,,,,
610336,WILIAMS MIDDLE,,,87.3,88.7,91.6,91.9,92.7,93.7,94.8,93.3,93,92.4,,,,
610337,BIG PIC CO (MET),,,93.2,94.5,90.2,95.4,87.8,90.9,,,,,,,,
610339,STAGG,AUSL,92.2,92.5,91.4,92.3,92.5,91.7,92.1,92.4,91.6,93.1,93.2,95.8,95.9,96.6,96
610340,CHICAGO ACADEMY HS,AUSL,,,94.9,95.4,94,90.5,93.2,92.4,93.1,93.6,92.7,93.2,91.5,93.2,92.4
610341,FRAZIER,,91.5,92.1,91.4,92.1,,,,,,,,,,,
610342,SABIN,Network 5,94.8,95.4,95,95.4,94.7,95,94.5,95.1,94.7,95.2,94.6,95.3,94.8,95,93.8
610345,WOODSON,Network 9,90.2,91.3,92,92.5,91.6,91.3,91.8,92.8,91.9,92.4,87.9,91.5,93.4,93.1,93.3
610347,CLAREMONT,Network 10,,,91.3,92.6,92.2,91.3,91.2,92.5,92.5,92.7,91,92,92.2,95,94.5
610348,GOLDBLATT,,91.9,92.5,92.5,92.7,91.5,93.2,92,93.9,92.9,93.7,91.2,,,,
610349,PRINCETON A C,,,,93.1,93,92.7,88.5,91.4,,,,,,,,
610350,BLACK,Network 12,96.6,97,96.2,96.7,96,96.7,96.3,96.3,96,96.6,95.6,96,95.2,95.9,95.4
610352,DURKIN PARK,Network 10,,96.1,95.3,96.2,95.3,95.8,95.7,96.1,95.4,96,94.6,95.4,95.1,95.7,94.9
610353,CALMECA,Network 8,,94.9,95.1,96,95.8,96.6,96.6,96.6,96.5,96.2,95.3,95.8,96,96.2,95.6
610354,NORTH RIVER,Network 1,,93.1,94.2,94.8,95,94.4,95.2,94.9,95.6,96.2,96.6,96.8,96.6,97.2,95.9
610355,COURTENAY,Network 2,93.7,94.2,93.6,93.7,94.2,95.1,95,95.3,95,95.7,95.1,94.2,93.7,94.8,94.6
610357,SPRY HS,Network 7,,96.6,97.8,96.1,97.2,96.4,96.1,95.9,95.7,94.1,91.4,90.3,89.1,90.1,87.4
610362,EVERS,Network 11,94.9,94.5,94.5,95.2,94.2,95.1,95.1,95.7,94.9,95.7,95.3,96.2,96.6,97.4,96.8
610363,DISNEY,ISP,94.8,95.5,95.6,96,95.7,96,96,96.7,96.4,96.7,96.1,96.4,96.2,96.3,96
610364,DUBOIS,Network 13,93.5,92.3,91.5,92.6,92.2,93,94.8,92.5,93.3,94.4,94.4,93.7,94.3,94.7,93.9
610365,BETHUNE,,90.5,90.3,90.8,92.1,89.6,90.3,92,92.7,93.3,95.4,94.9,,,,
610366,WACKER,Network 11,94.7,94.2,94.2,94.4,93.8,94.5,94.1,93.6,93.4,94.7,93.2,95,95.4,96.5,96.2
610367,DEPRIEST,Network 3,89.3,89.9,91.2,91.6,91.2,91.1,90.8,93.3,92.8,93.9,94.5,94,95.2,96.1,95
610368,HUGHES L,Network 13,92.3,91.8,91.7,91.5,91.3,89.1,90.4,91.2,90.4,92.6,90.5,90.4,91.7,92.7,92.8
610369,JACKSON M,Network 11,91.6,91.7,91.4,91.6,91.4,92.1,91.6,91.6,92.5,92.8,90.8,94.2,93.6,91.4,93.3
610370,BEST PRACTICE HS,,88.4,87.4,87.5,87.4,91.7,78.9,96.9,82.7,86.6,,,,,,
610371,IDOC/HEALY HS,,61.1,54.3,52.8,52,53.3,53.9,63.8,56.1,67.4,,,,,,
610374,ROBESON AA HS,,,74.7,73,72.3,70.6,64,65.2,59.2,68.3,74.3,75.1,,,,
610375,TILDEN AA HS,,,78.7,74.4,74.4,68.5,66.1,63.1,66,70.3,62.5,67.5,,,,
610376,WESTINGHOUSE ACH A H,,,77.5,77,74.7,,,,,,,,,,,
610377,SENN AA HS,,,85.5,83.5,75.5,73,70.4,49.7,70.9,71.5,,,,,,
610378,CRANE AA,,,75.2,70.3,71.7,75.3,51.4,53.1,47.3,52.8,54.7,55.6,,,,
610380,WILLIAMS HS,Network 9,,,,96.5,96.3,97.4,93.8,91.9,91.3,88.9,89.7,88.6,90,88.5,87
610381,BRONZEVILLE HS,Network 9,,,,94.5,92.9,91.3,92.2,92.7,92.3,91.8,88.1,86.4,88,87.8,89.1
610383,SOCIAL JUSTICE HS,Network 7,,,,94.7,90.1,87.9,87.9,89.5,87.6,88.9,91.9,91.5,92,90.1,89.4
610384,INFINITY HS,Network 7,,,,95.6,93.1,93.5,91.8,91.2,92.2,93.5,93.6,92.4,92,93.5,92.8
610385,MULTICULTURAL HS,Network 7,,,,91.9,92.8,84.6,81.7,86.6,89.3,91.9,91,88.7,88.9,86,84.4
610386,PEACE AND EDUCATION HS,ISP,93.2,93.8,93.1,92.3,92.1,89.3,89.2,87.1,86.4,87.4,87.3,87.1,86.3,86.7,85.5
610387,SECOND CHANCE ALT HS,,91.4,88.5,89,,,,,,,,,,,,
610388,ALOP HS,,,,69.5,68.7,71.3,63.6,96.3,87.7,75.1,,,,,,
610389,ORR HS,AUSL,76.4,72.2,,,,,73.7,67.5,66.7,58,72.8,71.4,76.9,74.3,62.1
610390,RICKOVER MILITARY HS,Network 6,,,,93.3,92.8,89.9,91.6,92.8,93,93.3,92.9,92.7,92.9,92.7,90.3
610391,LINDBLOM HS,Network 11,,,,93.3,93.4,93.1,89,92.5,92.8,94.1,93.3,93.4,93.3,93.2,91.6
610392,WORLD LANGUAGE HS,Network 7,,,,92.1,92.7,91.6,90.6,91.8,91.7,93.4,93.5,93.3,92.5,93.1,90.8
610394,UPLIFT HS,Network 2,,,,92.8,89.4,86.4,88.2,90.2,88.7,90.3,86.9,88.3,90.2,89.8,86.6
610395,PERSHING MIDDLE,,,,,96.2,96.5,96.1,95.4,96,96.2,96.3,95.3,,,,
610396,TARKINGTON,AUSL,,,,95.9,95.4,95.9,96.4,96.1,95.9,96,95.6,96,95.2,95.9,95.4
610401,CLEMENTE AA HS,,,,,73,72.2,53.9,50.3,56.7,52.1,64.8,71.1,,,,
610402,DEVRY HS,Network 4,,,,96.7,93.9,97,93.6,91.9,96.7,97.6,96.6,94.1,95.3,96.1,95.6
610404,MIDWAY ACADEMY,,,,,93.3,93.5,95,,,,,,,,,
610405,SUDER,Network 6,,,,92.4,94.3,94.4,96.2,96.5,96.6,96.2,96.1,96,95.7,95.5,95.1
610440,SO SHORE COMM ACAD H,,75.5,73.2,83.5,,,,,,,,,,,,
610441,SPALDING ELEM,,86.3,84.9,,,,,,,,,,,,,
610446,"COLMAN, Z",,88.7,,,,,,,,,,,,,,
610454,PROCTOR APC,,79.7,,,,,,,,,,,,,,
610455,RAYMOND,,89.6,91.6,,,,,,,,,,,,,
610456,RECOVER GIFTED CHILD,,95,,,,,,,,,,,,,,
610457,RODRIGUEZ APC,,83,,,,,,,,,,,,,,
610458,SENGSTACKE APC,,79.3,,,,,,,,,,,,,,
610459,SPALDING HIGH,,82.7,82.6,,,,,,,,,,,,,
610460,SUDER,,92.3,92.3,,,,,,,,,,,,,
610461,TESLA ALT HIGH,,65,,,,,,,,,,,,,,
610462,TRUTH,,89.3,90.3,,,,,,,,,,,,,
610463,JULIAN ACHIEVE ACA,,,82.6,82.6,,,,,,,,,,,,
610470,HARTIGAN,,90.3,91.5,,,,,,,,,,,,,
610471,"JEFFERSON, T",,90.9,90.8,,,,,,,,,,,,,
610472,WRIGHT,,91.4,90.6,,,,,,,,,,,,,
610473,BYRD COMMNTY ACADEMY,,91.4,91.5,,,,,,,,,,,,,
610474,DONOGHUE,,93.7,,,,,,,,,,,,,,
610475,ARTS OF LIVING HIGH,,69,,,,,,,,,,,,,,
610476,DOOLITTLE WEST PRIM,,90.3,91.2,,,,,,,,,,,,,
610477,DOUGLAS COMMTY ACAD,,92.7,93.5,,,,,,,,,,,,,
610479,FLOWER VOC HIGH,,83.5,,,,,,,,,,,,,,
610482,HARVEY APC,,79.8,,,,,,,,,,,,,,
610483,HAYES APC,,80.9,,,,,,,,,,,,,,
610484,HERNANDEZ APC,,74.4,,,,,,,,,,,,,,
610485,MUNOZ MARIN PRIM,,91.7,,,,,,,,,,,,,,
610486,PARTEE APC,,79.9,,,,,,,,,,,,,,
610487,WOODSON NORTH,,90.9,,,,,,,,,,,,,,
610499,COLLINS HS,AUSL,,,,,,89.3,89.3,90.4,91.4,90.1,78.6,79.2,79.4,80.7,83.6
610501,AUSTIN POLY HS,,,,,,,91.1,85.1,84.1,70.2,68.5,76.1,83.2,85.9,82.5,
610502,MARINE MILITARY HS,,,,,,,92.1,89.1,87.1,91.4,91.5,92.1,91.3,,,
610503,FRAZIER PROSPECTIVE,Network 5,,,,,,93.7,95.5,97.1,96.8,97.1,96.2,95.7,94.7,94.9,94.9
610504,THOMAS,Network 8,,,,,,,,,79.4,,,,79.2,,
610506,TEAM HS,Network 11,,,,,,87.6,88,84.8,87.3,85.6,85.7,86.9,87.9,76.2,65.5
610513,AIR FORCE HS,Network 6,,,,,,,,93.4,93.4,82.9,89.9,92.3,92.1,91.4,89.3
610515,DISNEY II ES,Network 1,,,,,,,96.4,97,97.3,97.4,97.1,97.3,96.4,96.6,95.9
610518,AUSTIN CCA HS,Network 3,,,,,,,87.4,86.9,84.6,82,79.9,80.5,85.1,80.5,85.6
610520,LASALLE II,ISP,,,,,,,92.4,94.7,95,95.5,94.9,95.7,94.8,95.6,95
610521,DAVIS M,Network 11,,,,,,,93.2,94.1,93,92.9,91.8,93,94.2,95.7,94.8
610523,EDISON PARK,Network 1,,,,,,,95.5,95.8,96.1,96.4,95.3,96,95.8,95.8,95.7
610524,ALCOTT HS,Network 4,,,,,,,,95.3,92.8,92.2,90.9,88.5,91.3,91.5,88.7
610529,OGDEN HS,Network 6,,,,,,,,98.2,94.2,92,91.4,91.1,92.4,93.9,93.8
610530,SOUTH SHORE ES,Network 12,,,,,,,,94.2,93.6,93.8,92.7,93.3,95,95.2,94.1
610532,HERNANDEZ,Network 8,,,,,,,,95.9,95.5,95.7,95.9,94,95.7,95.9,94.1
610533,PRIETO,ISP,,,,,,,,95.4,94.7,94.4,93.4,95.3,95.2,95.4,94.9
610534,SKINNER NORTH,Network 4,,,,,,,,97.1,96.4,96.7,96.4,96.8,96.7,97,96.1
610535,MASON HS,,,,,,,,,90.9,90.9,87.2,89,,,,
610539,CAMRAS,Network 3,,,,,,,,,95.1,95,94.2,95.1,95.1,96.1,95.8
610541,LORCA,Network 4,,,,,,,,,96.9,96.2,95.3,96.1,95.7,96.5,96
610542,WEST RIDGE,Network 2,,,,,,,,,95,95.3,94.6,94.6,94.8,94.8,94.5
610543,SOLORIO HS,AUSL,,,,,,,,,92.3,92.2,91.7,93.2,93.8,94.5,94.1
610544,AZUELA,Network 10,,,,,,,,,95.5,96.1,95.5,96,95,95.6,94.8
610547,SOUTH SHORE INTL HS,Network 12,,,,,,,,,,85.3,88.8,90.5,87,90.2,90.1
610548,STEM,Network 6,,,,,,,,,,96.8,96.7,97.1,96.9,96.9,96.6
610549,BANNER NORTH ES,,,,,,,,,,,83.8,71.4,,,,
610550,BANNER NORTH HS,,,,,,,,,,,72,71.4,,,,
610551,MILBURN MIDDLE SCHOOL,,,,,,,,,,,77.2,74.5,,,,
610552,MILBURN ALTERNATIVE HS,,,,,,,,,,,70.9,76,,,,
610553,VIVIAN SUMMERS ALTERNATIVES ES,,,,,,,,,,,82.3,82.3,,,,
610554,VIVIAN SUMMERS ALTERNATIVES HS,,,,,,,,,,,86.2,73.6,,,,
610555,BANNER WEST HS,Options,,,,,,,,,,70.4,88.1,76.1,80.6,,55.6
610556,BANNER ACADEMY SOUTH HS,,,,,,,,,,,88.8,78.3,,,,
610557,PATHWAYS - ASHBURN HS,Options,,,,,,,,,,92.6,86.2,71.7,83.3,43.6,47.4
610558,GOODE HS,Network 10,,,,,,,,,,,95.3,94.1,92.8,91.5,89.5
610559,SHIELDS MIDDLE,Network 8,,,,,,,,,,,95.6,96.1,95.5,95.7,95
610561,CRANE MEDICAL HS,Network 6,,,,,,,,,,,,94.3,93.2,95.1,90.5
610563,BACK OF THE YARDS HS,Network 8,,,,,,,,,,,,95.8,96.6,96,94.1
610564,DISNEY II HS,Network 1,,,,,,,,,,,,93.8,91.8,91.2,89.2
610565,CAMELOT - EXCEL ENGLEWOOD HS,Options,,,,,,,,,,,,53.4,65.6,76.2,72
610566,MAGIC JOHNSON - N LAWNDALE HS,Options,,,,,,,,,,,,47.1,63.3,71.9,54.5
610567,MAGIC JOHNSON - ROSELAND HS,Options,,,,,,,,,,,,74.2,62.3,,53.4
610568,PATHWAYS - AVONDALE HS,Options,,,,,,,,,,,,73.1,77.5,35.4,49.2
610569,OMBUDSMAN - NORTHWEST HS,Options,,,,,,,,,,,,57.9,56.8,46,45.9
610570,OMBUDSMAN - SOUTH HS,Options,,,,,,,,,,,,,52.2,55.3,55.4
610571,OMBUDSMAN - WEST HS,Options,,,,,,,,,,,,39,47.4,46.9,49.1
610572,CAMELOT SAFE ES,Options,,,,,,,,,,,,76.4,73.1,71.2,80.5
610573,CAMELOT SAFE HS,Options,,,,,,,,,,,,77.2,62.7,70.5,66.8
610574,WINNIE MANDELA HS,,,,,,,,,,,,,37.6,50.7,,
610580,MAGIC JOHNSON - HUMBOLDT PK HS,Options,,,,,,,,,,,,,52.2,55.4,51.6
610581,MAGIC JOHNSON - BRAINERD HS,Options,,,,,,,,,,,,,,61.4,63.2
610582,MAGIC JOHNSON - ENGLEWOOD HS,Options,,,,,,,,,,,,,57.2,75,45.6
610584,CAMELOT SAFE - GARFIELD ES,Options,,,,,,,,,,,,,,72.3,79.7
610585,CAMELOT SAFE - GARFIELD HS,Options,,,,,,,,,,,,,,72.8,79.3
610586,SOUTHEAST,Network 13,,,,,,,,,,,,,,,94.4
610587,DYETT ARTS HS,Network 9,,,,,,,,,,,,,,,92.5
610588,RICHARDSON,Network 10,,,,,,,,,,,,,,,94.8
